{
"type": "FeatureCollection",
"name": "Mohali_Municipal_Boundary",
"crs": { "type": "name", "properties": { "name": "urn:ogc:def:crs:OGC:1.3:CRS84" } },
"features": [
{ "type": "Feature", "properties": { "name": "Mohali Municipal Boundary" }, "geometry": { "type": "Polygon", "coordinates": [ [ [ 76.679122241125995, 30.704094475102522 ], [ 76.67912186825825, 30.704105201486577 ], [ 76.679133801898729, 30.704622540489073 ], [ 76.679134624176982, 30.704632935644959 ], [ 76.679146665370737, 30.704633488485509 ], [ 76.679327169184958, 30.704634232045244 ], [ 76.679377586157614, 30.704636549603823 ], [ 76.679427508172012, 30.704643065200436 ], [ 76.679476468177711, 30.704653717877541 ], [ 76.679524008124176, 30.704668407972676 ], [ 76.679569683245816, 30.704686998050953 ], [ 76.679613066223013, 30.704709314190573 ], [ 76.679653751179814, 30.704735147610219 ], [ 76.679691357481076, 30.704764256621985 ], [ 76.679725533293436, 30.704796368892666 ], [ 76.679755958877038, 30.704831183991367 ], [ 76.67978234957684, 30.70486837620026 ], [ 76.679804458485947, 30.704907597561778 ], [ 76.679822078755549, 30.704948481133844 ], [ 76.679835045530425, 30.704990644422914 ], [ 76.679843237491397, 30.705033692962303 ], [ 76.679846577990574, 30.705077224002711 ], [ 76.679848537691441, 30.705172182940725 ], [ 76.679849333047514, 30.705182567636768 ], [ 76.679861357764906, 30.705183161827161 ], [ 76.680119817736013, 30.705185142818024 ], [ 76.68017199673686, 30.705187804173182 ], [ 76.680223606097769, 30.705194961438497 ], [ 76.680274128311154, 30.705206542844955 ], [ 76.680323056770334, 30.705222432260921 ], [ 76.680369900849286, 30.70524247035663 ], [ 76.680414190822106, 30.70526645620167 ], [ 76.68045548257308, 30.70529414927989 ], [ 76.680493362049916, 30.705325271900968 ], [ 76.680527449415592, 30.705359511984874 ], [ 76.680557402857133, 30.705396526191144 ], [ 76.680558900122449, 30.705398589156413 ], [ 76.680566950213333, 30.705401709894023 ], [ 76.680613651616213, 30.705422308488824 ], [ 76.680657725828056, 30.705446851653004 ], [ 76.680698728122152, 30.70547509173695 ], [ 76.680736244767616, 30.70550674378763 ], [ 76.680769897203874, 30.705541488423723 ], [ 76.680799345860692, 30.705578975058298 ], [ 76.680824293584521, 30.705618825436158 ], [ 76.680844488637049, 30.70566063745056 ], [ 76.680852530474212, 30.705679965770116 ], [ 76.680860498325032, 30.705689015433119 ], [ 76.680978314864788, 30.705809575476458 ], [ 76.681136893446094, 30.705971836451102 ], [ 76.681144398579761, 30.705978884019974 ], [ 76.681152570210216, 30.705985354488952 ], [ 76.681332412091109, 30.706116034565692 ], [ 76.681371152934787, 30.70614721649746 ], [ 76.681406038985742, 30.706181629011301 ], [ 76.681436711341206, 30.706218918080022 ], [ 76.681462854446735, 30.706258700082792 ], [ 76.681484199342634, 30.706300565751672 ], [ 76.681500526431179, 30.706344084381929 ], [ 76.681511667735947, 30.706388808262997 ], [ 76.681517508630236, 30.706434277284334 ], [ 76.681517989016527, 30.706480023668934 ], [ 76.681513103945122, 30.706525576785644 ], [ 76.681510842271067, 30.70653913666796 ], [ 76.681510325557653, 30.706550968139123 ], [ 76.681511253320153, 30.706604445510891 ], [ 76.681512085153884, 30.706615550862693 ], [ 76.681515436006705, 30.706626296194564 ], [ 76.681531321864483, 30.706668731590167 ], [ 76.681536317179962, 30.706679972682227 ], [ 76.68154397396394, 30.706690033538575 ], [ 76.681624653131792, 30.706784555715291 ], [ 76.681647251869691, 30.706813285632052 ], [ 76.681667224716406, 30.706843433142168 ], [ 76.681706184915029, 30.70690787618285 ], [ 76.681726390597518, 30.706945398449317 ], [ 76.681742530950757, 30.706984363057899 ], [ 76.681750221076371, 30.707006010689454 ], [ 76.681762622660486, 30.707048022579997 ], [ 76.681770298575614, 30.707090869262515 ], [ 76.681773177886768, 30.707134154815236 ], [ 76.681771233981436, 30.707177479260491 ], [ 76.681764484815702, 30.707220442260699 ], [ 76.681752992748685, 30.7072626468177 ], [ 76.681736863966378, 30.707303702941147 ], [ 76.681716247500816, 30.707343231252306 ], [ 76.681691333853038, 30.707380866489682 ], [ 76.68166235323298, 30.707416260884301 ], [ 76.681629573432375, 30.707449087373348 ], [ 76.681593297350261, 30.707479042622428 ], [ 76.681553860194171, 30.707505849828671 ], [ 76.68151162638263, 30.707529261278527 ], [ 76.681466986177725, 30.707549060636989 ], [ 76.681453237905373, 30.707554453595023 ], [ 76.681458880229087, 30.70756352041807 ], [ 76.681499209418348, 30.70762145203884 ], [ 76.681507419065767, 30.707631868743686 ], [ 76.681518114054654, 30.707640437788502 ], [ 76.681642512506812, 30.70772939801509 ], [ 76.681650681673432, 30.707735006036959 ], [ 76.682411814268946, 30.708236394323862 ], [ 76.682422479225025, 30.708242719196274 ], [ 76.68243811037155, 30.708248462429125 ], [ 76.682484687925708, 30.70826798638824 ], [ 76.68252879828168, 30.708291400792589 ], [ 76.682570007587429, 30.708318475348058 ], [ 76.682607910523444, 30.708348943760743 ], [ 76.682642134289253, 30.708382506355953 ], [ 76.682672342270138, 30.708418833025636 ], [ 76.682698237347978, 30.708457566475136 ], [ 76.682719564823685, 30.708498325737207 ], [ 76.682736114922548, 30.708540709919099 ], [ 76.682747724857563, 30.708584302145422 ], [ 76.682754280430842, 30.708628673658403 ], [ 76.682755717157065, 30.708673388034885 ], [ 76.682751277002964, 30.708848932038158 ], [ 76.682751614922594, 30.708859701420252 ], [ 76.682794720078277, 30.708886050771248 ], [ 76.682834930893478, 30.708916403909356 ], [ 76.682871342849594, 30.708950147520035 ], [ 76.682903574976564, 30.708986928555021 ], [ 76.68293129003537, 30.709026362186187 ], [ 76.682954198046502, 30.709068035831674 ], [ 76.682972059324129, 30.709111513472596 ], [ 76.682984686984028, 30.709156340214761 ], [ 76.6829919488992, 30.709202047048219 ], [ 76.682993769082501, 30.709248155754135 ], [ 76.682981833838895, 30.709852236602817 ], [ 76.682965609378542, 30.710673212609056 ], [ 76.682966056010898, 30.710684577440084 ], [ 76.682971686436474, 30.710694855617344 ], [ 76.68316863890864, 30.711011533171167 ], [ 76.683174648567274, 30.711020227752076 ], [ 76.683183817748088, 30.711026502720099 ], [ 76.684905727877009, 30.712099833277698 ], [ 76.685277454615417, 30.712331489575071 ], [ 76.685534872051292, 30.712491824439798 ], [ 76.685650991899649, 30.712564226740181 ], [ 76.685988927761144, 30.712774536581648 ], [ 76.686100606115986, 30.712844141570937 ], [ 76.686141560973866, 30.712872476166574 ], [ 76.686179017157997, 30.712904219658906 ], [ 76.686195982801465, 30.712920120074493 ], [ 76.686353078450935, 30.713067159366222 ], [ 76.687436946107326, 30.71408209027441 ], [ 76.68746976663499, 30.714116019219929 ], [ 76.687498584195708, 30.714152561859823 ], [ 76.687523121806336, 30.714191366966134 ], [ 76.687543143619422, 30.714232061564903 ], [ 76.687558457190079, 30.714274254520991 ], [ 76.687568915326011, 30.714317540297273 ], [ 76.687574417502333, 30.714361502852537 ], [ 76.68757491082809, 30.714405719640126 ], [ 76.687570390554839, 30.714449765669269 ], [ 76.687560900122534, 30.714493217589879 ], [ 76.68754653074231, 30.714535657761573 ], [ 76.68752742051997, 30.714576678267942 ], [ 76.687418831887641, 30.714780329869058 ], [ 76.687413462336693, 30.714792111619076 ], [ 76.687411289984567, 30.714804633998686 ], [ 76.687399603938715, 30.714913843879948 ], [ 76.687399053195264, 30.714924788215768 ], [ 76.687399487023754, 30.714931719095144 ], [ 76.687399775337099, 30.714975280476395 ], [ 76.687395198479578, 30.715018662714805 ], [ 76.687385799138283, 30.715061461134205 ], [ 76.687383463377458, 30.715069859274074 ], [ 76.687381724665585, 30.715080508024304 ], [ 76.68724673437643, 30.716340437067306 ], [ 76.687246190407777, 30.716351215013979 ], [ 76.68725168939028, 30.716357614628162 ], [ 76.687278129548631, 30.716391489761467 ], [ 76.687300913166155, 30.716427293144477 ], [ 76.687919500429686, 30.717513137620518 ], [ 76.687940190522241, 30.717554566382251 ], [ 76.68795598615614, 30.717597573862271 ], [ 76.687966729248487, 30.717641729659029 ], [ 76.68797231227974, 30.717686591878444 ], [ 76.68797267936985, 30.717731711556283 ], [ 76.68796782683782, 30.717776637151118 ], [ 76.687957803238902, 30.717820919063257 ], [ 76.687942708878865, 30.717864114134109 ], [ 76.687916191038397, 30.717928218249838 ], [ 76.687906328080899, 30.717950226309096 ], [ 76.687894272756481, 30.717975167926021 ], [ 76.687888494210526, 30.717988251979815 ], [ 76.687872499050343, 30.718028146992694 ], [ 76.687872298633749, 30.718028087012922 ], [ 76.687854555924503, 30.718067820127978 ], [ 76.687829520196928, 30.718110041940992 ], [ 76.687799489961535, 30.718149758285534 ], [ 76.687764797434212, 30.718186529782997 ], [ 76.687725826410684, 30.718219949632793 ], [ 76.687696352918579, 30.718242694837294 ], [ 76.687683062342771, 30.718253703903986 ], [ 76.687618510301249, 30.718311085618932 ], [ 76.687601270051317, 30.718328231627044 ], [ 76.687595577712827, 30.718335286169815 ], [ 76.687590990016432, 30.718344491415465 ], [ 76.687587897020123, 30.718352814144389 ], [ 76.687587042036242, 30.718358513784271 ], [ 76.6875866225718, 30.718391664818181 ], [ 76.687583915258799, 30.718432872152018 ], [ 76.687576859312571, 30.718473693135707 ], [ 76.687566238378523, 30.718511225466852 ], [ 76.687566029816594, 30.718512227160893 ], [ 76.687566547718049, 30.718524263339077 ], [ 76.687566608216841, 30.718524836494964 ], [ 76.687568777455851, 30.718537434686816 ], [ 76.687572583848635, 30.718549739643983 ], [ 76.687582809181251, 30.718576587617555 ], [ 76.687589276404537, 30.718591721508389 ], [ 76.687606851387471, 30.718628717401849 ], [ 76.687611899075733, 30.718638655113626 ], [ 76.687635928895389, 30.718683030266131 ], [ 76.687646825923295, 30.71870099931547 ], [ 76.687661348293574, 30.718722530225939 ], [ 76.687668316409983, 30.718731774969587 ], [ 76.68767649173283, 30.718735612082 ], [ 76.687706531618019, 30.718748099236169 ], [ 76.687751044686408, 30.718771593447929 ], [ 76.687792621868851, 30.718798808185269 ], [ 76.687830848080068, 30.718829471751611 ], [ 76.687865341687925, 30.718863278019001 ], [ 76.68789575832345, 30.718899889484291 ], [ 76.687921794318882, 30.718938940638363 ], [ 76.687943189739386, 30.718980041615215 ], [ 76.687959730978335, 30.719022782083993 ], [ 76.687971252889952, 30.719066735345528 ], [ 76.687977640438362, 30.719111462592149 ], [ 76.687978829846273, 30.719156517288557 ], [ 76.68797480923196, 30.719201449629704 ], [ 76.687965618728157, 30.719245811031477 ], [ 76.687951350081775, 30.719289158609147 ], [ 76.687932145738102, 30.719331059598975 ], [ 76.687908197419006, 30.719371095678774 ], [ 76.687879744209127, 30.719408867144281 ], [ 76.687257560583319, 30.720150885175059 ], [ 76.687250990620811, 30.720159555200738 ], [ 76.687256318404224, 30.720168836808689 ], [ 76.687266943732254, 30.720185337688729 ], [ 76.687281357140321, 30.720209394614468 ], [ 76.687282527432444, 30.720211500510313 ], [ 76.687293265108465, 30.720228840530513 ], [ 76.687293802921346, 30.720229624740949 ], [ 76.687309935003569, 30.72025025760902 ], [ 76.687316254837256, 30.720256730198155 ], [ 76.687325075138858, 30.720264195762788 ], [ 76.687370928000249, 30.720299482780927 ], [ 76.687402214227134, 30.720325661812826 ], [ 76.687430865789665, 30.720354002822379 ], [ 76.687440823682167, 30.720364724469675 ], [ 76.687470155128949, 30.720399597153101 ], [ 76.687495499243497, 30.720436729749636 ], [ 76.687516624515865, 30.720475783072175 ], [ 76.687533337972354, 30.720516400388352 ], [ 76.687545486938248, 30.720558210679144 ], [ 76.687552960432768, 30.720600832027777 ], [ 76.687555675397817, 30.720643641974878 ], [ 76.687556523814123, 30.720652386806567 ], [ 76.687556699476886, 30.720653624891064 ], [ 76.687557182780409, 30.720656657831043 ], [ 76.687559665867624, 30.720667052527084 ], [ 76.687563175790032, 30.720676608975538 ], [ 76.687566384793868, 30.720683378563294 ], [ 76.687572004156777, 30.720692858907231 ], [ 76.687577308914243, 30.720699804169278 ], [ 76.687584095168859, 30.72070719028007 ], [ 76.687606489107154, 30.720719821814647 ], [ 76.687614326689342, 30.720723201952012 ], [ 76.687635225619644, 30.720730346428301 ], [ 76.687635011586735, 30.720730813744453 ], [ 76.687666399543645, 30.720741826561529 ], [ 76.687714361651558, 30.720763924761432 ], [ 76.687759404272484, 30.720790211646694 ], [ 76.687801039119634, 30.720820402254155 ], [ 76.687838814846998, 30.7208541693021 ], [ 76.687872321942109, 30.720891146738136 ], [ 76.687901197165502, 30.720930933707187 ], [ 76.687909855856944, 30.720946190312283 ], [ 76.687922571074452, 30.720966585145323 ], [ 76.687925870771366, 30.720970913931442 ], [ 76.687929130587776, 30.720973431686613 ], [ 76.687933567134095, 30.720976288020353 ], [ 76.687938765840229, 30.720978493343225 ], [ 76.687947583066048, 30.720981320034195 ], [ 76.68795741903584, 30.72098245651544 ], [ 76.687960921710953, 30.720982574563202 ], [ 76.68797220620624, 30.720982206412394 ], [ 76.688026060175801, 30.720982851379638 ], [ 76.68807955064544, 30.720988286496748 ], [ 76.68813210831361, 30.720998453917232 ], [ 76.688183173806294, 30.721013245428452 ], [ 76.688232203630193, 30.721032503603304 ], [ 76.68827867595698, 30.721056023475732 ], [ 76.68832209617689, 30.721083554721986 ], [ 76.688362002162933, 30.721114804324863 ], [ 76.688397969189097, 30.721149439692205 ], [ 76.688408208649307, 30.721160387238502 ], [ 76.688421201767824, 30.721171781654405 ], [ 76.688454148161739, 30.721203547968017 ], [ 76.688483474014177, 30.72123786096989 ], [ 76.688508917063686, 30.721274413802888 ], [ 76.688530249771503, 30.721312879578957 ], [ 76.688547281356477, 30.721352914302447 ], [ 76.688559859501339, 30.721394159946399 ], [ 76.688567871715065, 30.721436247654218 ], [ 76.688568561970598, 30.721441378487778 ], [ 76.688570658807578, 30.721452262824336 ], [ 76.68857359990578, 30.721458976922293 ], [ 76.688577181677942, 30.721465230992962 ], [ 76.688581583663009, 30.721471345825559 ], [ 76.688585756320734, 30.721476094970964 ], [ 76.68859096906229, 30.721481045751148 ], [ 76.688596525509567, 30.72148546773527 ], [ 76.688602327161504, 30.721488670414672 ], [ 76.688612345306836, 30.721493050922312 ], [ 76.688618235379366, 30.721494940149103 ], [ 76.688637225440786, 30.721498888787959 ], [ 76.688641957930017, 30.721499407894346 ], [ 76.68864929384462, 30.721499611131296 ], [ 76.688656756419064, 30.721499192061163 ], [ 76.688704452334093, 30.721498400606794 ], [ 76.688752032749292, 30.721501373823692 ], [ 76.688799100387712, 30.721508086886509 ], [ 76.68884526225375, 30.721518483743697 ], [ 76.688890132914381, 30.721532477585527 ], [ 76.688933337717145, 30.72154995156891 ], [ 76.688970673090481, 30.721568817930859 ], [ 76.688976162606366, 30.721571338239919 ], [ 76.688982719210671, 30.721573770129563 ], [ 76.688988198628479, 30.721575372439069 ], [ 76.688997707366312, 30.721577478897608 ], [ 76.688999761481668, 30.72157786332415 ], [ 76.689005527346893, 30.721578840518859 ], [ 76.689014609521806, 30.721579875101238 ], [ 76.689019039623105, 30.721579386862558 ], [ 76.689023165219083, 30.721578619025351 ], [ 76.689029952929744, 30.721576825584176 ], [ 76.689091191549352, 30.721564078386887 ], [ 76.689153761413394, 30.72155779587461 ], [ 76.689171055273562, 30.721556968248009 ], [ 76.689175279407991, 30.72155646928492 ], [ 76.689178909163118, 30.721555780795317 ], [ 76.689198460463274, 30.721548518765069 ], [ 76.689199236946166, 30.721548068188561 ], [ 76.689204487152821, 30.721544414535906 ], [ 76.689206978168329, 30.721542309197979 ], [ 76.689214332750595, 30.721534761322804 ], [ 76.689240004282922, 30.7215059768751 ], [ 76.689315146947749, 30.721430487100751 ], [ 76.689333767673546, 30.72141275492832 ], [ 76.689341729614981, 30.721405565939929 ], [ 76.689382735587671, 30.721372325115798 ], [ 76.689386308953488, 30.721369726426619 ], [ 76.689426731121571, 30.721343122622319 ], [ 76.68946995551525, 30.72132003997919 ], [ 76.689515572624956, 30.721300697181871 ], [ 76.689563150273415, 30.721285277483602 ], [ 76.689612237709966, 30.721273926970103 ], [ 76.689662369880921, 30.721266753175687 ], [ 76.689713071835186, 30.721263824064426 ], [ 76.689763863223916, 30.721265167386395 ], [ 76.689814262850987, 30.721270770414776 ], [ 76.689863793231765, 30.72128058006636 ], [ 76.689878380944265, 30.721284122861213 ], [ 76.689937713495752, 30.721301923039849 ], [ 76.689994142447176, 30.72132575014302 ], [ 76.690027772816933, 30.72134218552403 ], [ 76.690048355073685, 30.721351000043818 ], [ 76.690101477594609, 30.721377206026165 ], [ 76.690118756217842, 30.721388229340455 ], [ 76.690118910661312, 30.721388036761866 ], [ 76.690131241265902, 30.721395417780958 ], [ 76.690150182447198, 30.721408278448543 ], [ 76.690150687324092, 30.721408600546589 ], [ 76.69015119356294, 30.721408964974888 ], [ 76.690180607081942, 30.721428936128547 ], [ 76.690223834411967, 30.721466358971529 ], [ 76.69022449549783, 30.721466888166912 ], [ 76.690229638342387, 30.721470251827981 ], [ 76.690232398518702, 30.721471735099371 ], [ 76.690238684970609, 30.721474512052122 ], [ 76.690253559308331, 30.721479823452356 ], [ 76.690255236631586, 30.721480357554011 ], [ 76.690265118362277, 30.721483122806912 ], [ 76.690275223709932, 30.72148519901593 ], [ 76.690299719376554, 30.721489347959572 ], [ 76.690302490593822, 30.721489824064431 ], [ 76.690331461132629, 30.721494871747009 ], [ 76.690345848228603, 30.721497561377348 ], [ 76.690353209261787, 30.721499031653106 ], [ 76.69036589080396, 30.72150099897129 ], [ 76.690377344313561, 30.721501778408683 ], [ 76.690387058257585, 30.721501657939442 ], [ 76.690398306621688, 30.72150067098725 ], [ 76.690404109774363, 30.721499940709982 ], [ 76.69042742469793, 30.72149606350624 ], [ 76.690433882477961, 30.721494723721118 ], [ 76.690452403792349, 30.721490251495062 ], [ 76.690456549500794, 30.721489106586667 ], [ 76.690482203780675, 30.721480713417133 ], [ 76.690483605885817, 30.72148018028491 ], [ 76.690508530992275, 30.721469291340231 ], [ 76.690534068973648, 30.721456607839574 ], [ 76.690549293748603, 30.721448351927769 ], [ 76.690594258114757, 30.721426565517163 ], [ 76.690641490370226, 30.721408716667018 ], [ 76.69069052994864, 30.721394979422541 ], [ 76.690740898661048, 30.72138548773631 ], [ 76.690792105358554, 30.721380334162149 ], [ 76.690843650721419, 30.721379568952614 ], [ 76.690895032127827, 30.721383199569051 ], [ 76.690922164443919, 30.721386288000435 ], [ 76.690973830251522, 30.721394471700361 ], [ 76.691024282702827, 30.721407099302173 ], [ 76.691073011067061, 30.721424042976345 ], [ 76.691119522065705, 30.721445131201669 ], [ 76.69116334486587, 30.721470150501503 ], [ 76.691204035846383, 30.721498847604781 ], [ 76.69124118308855, 30.721530932009731 ], [ 76.691274410545944, 30.72156607892455 ], [ 76.691303381851199, 30.721603932555261 ], [ 76.691308232150135, 30.721611020962602 ], [ 76.691321842116253, 30.721628912885958 ], [ 76.691325397189246, 30.721633134937449 ], [ 76.691335018052953, 30.721643866233858 ], [ 76.691344225012415, 30.721653520919446 ], [ 76.691358933354095, 30.72166807661608 ], [ 76.691358805291713, 30.721668173203419 ], [ 76.691387858307948, 30.721698241721452 ], [ 76.691417472228295, 30.721736106520208 ], [ 76.691442499286879, 30.72177636583211 ], [ 76.691462682566524, 30.721818606381298 ], [ 76.691477814872314, 30.721862394553259 ], [ 76.691496178875425, 30.721927379698922 ], [ 76.691506005175341, 30.721971649318277 ], [ 76.691510667734789, 30.722016545215158 ], [ 76.691510119977394, 30.722061618973228 ], [ 76.691504367366875, 30.72210642039903 ], [ 76.691493467352743, 30.722150502018529 ], [ 76.691477528796881, 30.722193423546482 ], [ 76.691456710886413, 30.722234756283999 ], [ 76.691431221544079, 30.722274087400397 ], [ 76.691421945784214, 30.722285543745553 ], [ 76.69142204340902, 30.722285599012991 ], [ 76.691405931783947, 30.722306840863013 ], [ 76.691401706532844, 30.722313547681072 ], [ 76.691398582644553, 30.722321371464876 ], [ 76.69139484007539, 30.722333639568706 ], [ 76.691392787328368, 30.722343598235899 ], [ 76.691391833558967, 30.722353896699953 ], [ 76.691391887639412, 30.722368873549911 ], [ 76.691391996018879, 30.722371343875615 ], [ 76.691392839523559, 30.722380554605628 ], [ 76.691394554893179, 30.722389674494497 ], [ 76.691398503402013, 30.72240631811691 ], [ 76.691399344281066, 30.722409728315807 ], [ 76.691414344163448, 30.722468333550111 ], [ 76.69141787307025, 30.722480504281449 ], [ 76.691419176239165, 30.72248452107641 ], [ 76.691423018425368, 30.722494851219043 ], [ 76.691435221011261, 30.722519779797572 ], [ 76.691452492215348, 30.722560390580949 ], [ 76.691463606691386, 30.722597054087966 ], [ 76.69146457371312, 30.722599781342787 ], [ 76.691467128006138, 30.722604065920329 ], [ 76.69147023483265, 30.722608300363554 ], [ 76.691478442605415, 30.722613642555469 ], [ 76.691484533397031, 30.7226170872413 ], [ 76.691494295223293, 30.722621837457897 ], [ 76.691504366525137, 30.722623980957952 ], [ 76.691513666986893, 30.72262523260726 ], [ 76.691524736067691, 30.722625912577893 ], [ 76.691563744830688, 30.722627307425491 ], [ 76.69161940083093, 30.7226345361657 ], [ 76.691673832721222, 30.722646898882513 ], [ 76.691726407918168, 30.722664251901652 ], [ 76.691740253300651, 30.722669577226664 ], [ 76.691749216805292, 30.722672660939175 ], [ 76.691758783778639, 30.722675236056656 ], [ 76.691764248305645, 30.722676509955768 ], [ 76.691780215668601, 30.722679770763598 ], [ 76.691787864225788, 30.722681114914394 ], [ 76.691801458519393, 30.722683182156967 ], [ 76.691807675639367, 30.722683981766689 ], [ 76.6918393668644, 30.722686924405817 ], [ 76.691839352213236, 30.722687042175348 ], [ 76.691847709085025, 30.722687563861736 ], [ 76.691895587128911, 30.722694457322266 ], [ 76.691942517212794, 30.722705162470952 ], [ 76.691988093683065, 30.722719586774666 ], [ 76.69201133163574, 30.722728019271639 ], [ 76.692019472183262, 30.722730835258545 ], [ 76.692057667763777, 30.722743408960039 ], [ 76.692090063538799, 30.722754020384109 ], [ 76.692099224006284, 30.722756689289152 ], [ 76.692108592512469, 30.722758764704356 ], [ 76.692135201693276, 30.722763758104222 ], [ 76.692143026810498, 30.722765281017811 ], [ 76.692173618620302, 30.722771448459678 ], [ 76.692226006510907, 30.722784536888316 ], [ 76.692276528246353, 30.722802275139465 ], [ 76.69230272075697, 30.722812880240539 ], [ 76.692316820764518, 30.722818813968765 ], [ 76.692358939246532, 30.722837220059429 ], [ 76.692379509684812, 30.722846713811375 ], [ 76.692579136561989, 30.722943858615544 ], [ 76.692587093074266, 30.722947575103262 ], [ 76.69269205096937, 30.722994589055904 ], [ 76.692700817261894, 30.722998164788496 ], [ 76.69270986702854, 30.723001167519129 ], [ 76.692734841622084, 30.723008545413219 ], [ 76.692744042719468, 30.723010940020515 ], [ 76.692753423076041, 30.723012742257993 ], [ 76.692905611163994, 30.723036931682305 ], [ 76.692947611710224, 30.723045167925349 ], [ 76.692988683542566, 30.723056366981979 ], [ 76.693037153493023, 30.723071509271104 ], [ 76.693060279486872, 30.723078597014624 ], [ 76.69306629946324, 30.723080367810379 ], [ 76.693067153791318, 30.723080608971021 ], [ 76.693078934348875, 30.723083413072281 ], [ 76.693088237832001, 30.72308483361072 ], [ 76.693123628830691, 30.723086561005303 ], [ 76.693139656559751, 30.723086351896523 ], [ 76.693142728545695, 30.723086296191749 ], [ 76.69317116492887, 30.723085635872973 ], [ 76.693199875967707, 30.723085651462089 ], [ 76.693329412980319, 30.723088800153853 ], [ 76.693365113483821, 30.723090726990257 ], [ 76.693384382913877, 30.723092341093484 ], [ 76.693391106607962, 30.723093022265715 ], [ 76.693444716657822, 30.72309645062581 ], [ 76.693444713851392, 30.72309648338021 ], [ 76.693455511778254, 30.723096937062895 ], [ 76.693475213617248, 30.723098408331197 ], [ 76.693478903942818, 30.723098661149759 ], [ 76.693516502546956, 30.723101005313659 ], [ 76.693535679413628, 30.723102508512234 ], [ 76.693559116902165, 30.723104722858061 ], [ 76.693568900031039, 30.723105326312986 ], [ 76.69357870798504, 30.723105292246707 ], [ 76.693640674874004, 30.723103060173145 ], [ 76.693646319805453, 30.723102883261781 ], [ 76.69367730801639, 30.72310205708467 ], [ 76.693726111627953, 30.723102728047909 ], [ 76.693774629421057, 30.723107333639238 ], [ 76.693799828475861, 30.723110762084353 ], [ 76.693802083564123, 30.723111073267248 ], [ 76.694037526932874, 30.72314401859218 ], [ 76.694044337831599, 30.723144892145715 ], [ 76.694168223918723, 30.723159341424282 ], [ 76.694188983258528, 30.723162131156649 ], [ 76.694191497107994, 30.723162513883398 ], [ 76.694220261104363, 30.723166584068007 ], [ 76.694227816492244, 30.723166866730875 ], [ 76.694254859687248, 30.723165008367715 ], [ 76.694279165425129, 30.723161971259319 ], [ 76.694327677888154, 30.723157895519087 ], [ 76.694376418893142, 30.723157746128543 ], [ 76.694424963606835, 30.723161524389617 ], [ 76.694472888906915, 30.723169197370215 ], [ 76.694519777069715, 30.723180698191356 ], [ 76.694565219411103, 30.723195926610082 ], [ 76.694608819848483, 30.723214749893096 ], [ 76.694705354258332, 30.723261412911992 ], [ 76.694731347491896, 30.72327238908554 ], [ 76.694815185629068, 30.723302938811432 ], [ 76.694844134366093, 30.72331179225101 ], [ 76.694899430243851, 30.723325597924365 ], [ 76.694917369646348, 30.72332948739346 ], [ 76.695028413905646, 30.723349978762368 ], [ 76.695035661357764, 30.723351223757046 ], [ 76.695081709942883, 30.723358550365642 ], [ 76.695094424595908, 30.723360017907581 ], [ 76.695107244722621, 30.723360396761183 ], [ 76.695137172478411, 30.723360005841752 ], [ 76.695159984077421, 30.723358843257003 ], [ 76.695256096830306, 30.723350283075803 ], [ 76.695271299878755, 30.72334853764719 ], [ 76.695439781749769, 30.723324823169726 ], [ 76.695493087010107, 30.723319731325546 ], [ 76.695546715663781, 30.723319390748106 ], [ 76.695600101806889, 30.723323805030979 ], [ 76.695652682094561, 30.723332927593194 ], [ 76.695703901685221, 30.723346662170687 ], [ 76.695726492117771, 30.723353838096145 ], [ 76.695734510980969, 30.723355630204495 ], [ 76.695748332070863, 30.723357299140233 ], [ 76.695759083545198, 30.723357634828496 ], [ 76.695770937682809, 30.723357069912314 ], [ 76.695785406409442, 30.723355806632927 ], [ 76.695788657302558, 30.72335553166684 ], [ 76.695820246744077, 30.723352945940817 ], [ 76.695879826150318, 30.723351023381547 ], [ 76.695898002869583, 30.723351334295511 ], [ 76.695903582131777, 30.723351378202146 ], [ 76.696036244688457, 30.723351197186652 ], [ 76.696083513793866, 30.723352984909145 ], [ 76.696130401440669, 30.723358462428191 ], [ 76.696176522529157, 30.723367584755369 ], [ 76.696221498255341, 30.723380276966559 ], [ 76.696253590310121, 30.723390746120032 ], [ 76.696287369925841, 30.723402951483926 ], [ 76.696321421644868, 30.723416486008112 ], [ 76.696362353637383, 30.723434685297985 ], [ 76.696459929207521, 30.723482884394372 ], [ 76.69646914560046, 30.723487545683646 ], [ 76.69650628427776, 30.723506772266454 ], [ 76.696507135196924, 30.723507213734841 ], [ 76.696522786539191, 30.723515351360529 ], [ 76.696522729798744, 30.723515432811794 ], [ 76.696559746571907, 30.723534919790787 ], [ 76.696604796997846, 30.723564891853403 ], [ 76.696623374175871, 30.723578706735985 ], [ 76.696718349938365, 30.723643130516777 ], [ 76.696731165839054, 30.723651290387462 ], [ 76.69692264618746, 30.723765586913416 ], [ 76.696940350627244, 30.723776634519989 ], [ 76.697079810839028, 30.723867552230068 ], [ 76.697116540738207, 30.723893856635264 ], [ 76.697159575100372, 30.723927658125188 ], [ 76.697171539902342, 30.723936501294659 ], [ 76.697238297116556, 30.723982902715097 ], [ 76.697250198280045, 30.723990700966947 ], [ 76.697459917910635, 30.724120122491129 ], [ 76.697474681358443, 30.724128608493348 ], [ 76.697513660966393, 30.724153338138329 ], [ 76.697549824619756, 30.72418107772241 ], [ 76.697572022732629, 30.724201578670829 ], [ 76.697606886085708, 30.724233309105188 ], [ 76.697617566244631, 30.724242484124762 ], [ 76.697804577165499, 30.724394122679215 ], [ 76.698004304431805, 30.724554116227978 ], [ 76.698030947199015, 30.724572796752813 ], [ 76.69812296899309, 30.724629062386935 ], [ 76.698166005162975, 30.724658424541666 ], [ 76.698205238909779, 30.724691524584458 ], [ 76.698240237368267, 30.72472799732618 ], [ 76.698270614399306, 30.724767440366762 ], [ 76.698276849303113, 30.724776538507175 ], [ 76.698281908058618, 30.724782686712505 ], [ 76.698292959857469, 30.724794087142897 ], [ 76.698302876152368, 30.724803569571073 ], [ 76.698325877834506, 30.724823792250966 ], [ 76.698325694712082, 30.724823947704934 ], [ 76.698350668796081, 30.724846195352491 ], [ 76.698382227718284, 30.724880393697163 ], [ 76.698409804240086, 30.724917071917126 ], [ 76.698433139057343, 30.724955885130228 ], [ 76.698443428544365, 30.724975240199775 ], [ 76.698447184745035, 30.72498247272101 ], [ 76.698452653203219, 30.724993254878921 ], [ 76.698457745125609, 30.725002194998879 ], [ 76.698468760380862, 30.725015118596556 ], [ 76.698499651954933, 30.725055806432213 ], [ 76.698525290133063, 30.725099132446974 ], [ 76.698545376508534, 30.725144592374424 ], [ 76.698555407664614, 30.725177605520525 ], [ 76.698555792731568, 30.725177521653382 ], [ 76.698561429161543, 30.725196836191849 ], [ 76.698564476521483, 30.725202665647249 ], [ 76.698570018950207, 30.725210964359217 ], [ 76.698578923792709, 30.725219316663267 ], [ 76.698590822515669, 30.725228642873518 ], [ 76.698604205574711, 30.725238429144198 ], [ 76.698604103241806, 30.725238533589508 ], [ 76.698628571043599, 30.725256175866726 ], [ 76.698664916875984, 30.725288180865707 ], [ 76.698697405004296, 30.725323145184873 ], [ 76.698725714388971, 30.725360723319884 ], [ 76.698749565282185, 30.725400543937354 ], [ 76.698768721992423, 30.725442213544014 ], [ 76.698782995213648, 30.725485320375117 ], [ 76.698792243896065, 30.725529438463205 ], [ 76.698796376640303, 30.725574131847338 ], [ 76.698795352600783, 30.725618958881125 ], [ 76.698789181889595, 30.725663476596882 ], [ 76.698777925476961, 30.725707245082884 ], [ 76.69876169458891, 30.725749831830537 ], [ 76.698752609298481, 30.725770200665355 ], [ 76.698749836641369, 30.725778803087767 ], [ 76.698749747984806, 30.725779135826052 ], [ 76.698748300635003, 30.725784783008976 ], [ 76.698746067045349, 30.725796516441957 ], [ 76.698745294416739, 30.725808609545524 ], [ 76.698745283622117, 30.725816310689577 ], [ 76.698745359830184, 30.725822039346301 ], [ 76.698746066459151, 30.725847265367385 ], [ 76.698745142700972, 30.725887126917062 ], [ 76.69874014783224, 30.725926762255909 ], [ 76.698731120877198, 30.725965861678759 ], [ 76.698716975539085, 30.726015565205753 ], [ 76.698710800911016, 30.726046320355135 ], [ 76.698703692130636, 30.726106090212923 ], [ 76.698702705306445, 30.72611697211055 ], [ 76.698701559377895, 30.726135294973638 ], [ 76.698701641904591, 30.726160863404942 ], [ 76.698701675998919, 30.72616135740315 ], [ 76.698705397275177, 30.726188141847175 ], [ 76.698763833263556, 30.726466586277354 ], [ 76.698767477205109, 30.726481178945825 ], [ 76.698791786396285, 30.726564966727871 ], [ 76.698802424803375, 30.726612186759986 ], [ 76.698807181166188, 30.726660117046926 ], [ 76.69880600136851, 30.726708212342459 ], [ 76.698799604698223, 30.726782207716933 ], [ 76.698799251878626, 30.726791893855033 ], [ 76.698799865337691, 30.726801570285762 ], [ 76.698807225888402, 30.726866380994558 ], [ 76.69880970688817, 30.726882338413297 ], [ 76.69881714733971, 30.72691995697263 ], [ 76.698819594320625, 30.726929703616793 ], [ 76.698823031052953, 30.726939224698363 ], [ 76.698842233624617, 30.726985151254919 ], [ 76.698845318636714, 30.72699274077311 ], [ 76.698848593104231, 30.727001032155812 ], [ 76.698859455180056, 30.727024232539815 ], [ 76.698860939062925, 30.727026956170732 ], [ 76.69887415963332, 30.727048192860959 ], [ 76.698877450784238, 30.727052862071133 ], [ 76.698896796314216, 30.727076692523632 ], [ 76.69890124990954, 30.727081486973042 ], [ 76.698932842094635, 30.72711935649869 ], [ 76.698959734410067, 30.727159844013418 ], [ 76.698981638805961, 30.727202515854749 ], [ 76.698998320657125, 30.727246914963338 ], [ 76.699009601276373, 30.727292565778402 ], [ 76.699015359828721, 30.727338979331449 ], [ 76.699017039224088, 30.727365328584064 ], [ 76.699019763265511, 30.727378615618587 ], [ 76.699020268203071, 30.727380434033293 ], [ 76.699023208684082, 30.727390078037704 ], [ 76.699026130888058, 30.727398868101332 ], [ 76.699034496380605, 30.727420017156412 ], [ 76.699038800118501, 30.727429356207686 ], [ 76.699052407056882, 30.727462611844416 ], [ 76.699130207463384, 30.727679385238616 ], [ 76.699137184889338, 30.727700655861035 ], [ 76.699157942921687, 30.727770410703368 ], [ 76.699164645188475, 30.727795996828259 ], [ 76.699193593309616, 30.727923645718427 ], [ 76.699198597169882, 30.727949746449756 ], [ 76.699203399232829, 30.727980335482762 ], [ 76.699205262534505, 30.727990467908192 ], [ 76.699205678749394, 30.727992440503296 ], [ 76.699208400711314, 30.728002625657368 ], [ 76.699213260324882, 30.728012198658107 ], [ 76.69923062002232, 30.728042476853119 ], [ 76.699233307354618, 30.728047033365748 ], [ 76.699237839906999, 30.728054507797864 ], [ 76.699247615173377, 30.72806912636214 ], [ 76.699264896314475, 30.728089841172025 ], [ 76.699266611463585, 30.728091659151847 ], [ 76.699299055987851, 30.728130007820578 ], [ 76.699326652159328, 30.728171091460847 ], [ 76.699349093911252, 30.728214454426631 ], [ 76.699367871718991, 30.728256558891054 ], [ 76.69938119561246, 30.728286050972688 ], [ 76.699395215954738, 30.728321325936289 ], [ 76.699405814722226, 30.728357480986503 ], [ 76.699412919438984, 30.728394268902726 ], [ 76.699413219250772, 30.72839634761662 ], [ 76.699416965350196, 30.72843788207139 ], [ 76.699418124844883, 30.728469611153407 ], [ 76.699418311300647, 30.728491411656083 ], [ 76.699416524226351, 30.728583396229798 ], [ 76.699416757223716, 30.728592272124107 ], [ 76.699417799418811, 30.728601104531482 ], [ 76.699420266662216, 30.728616116289196 ], [ 76.699423612950611, 30.728631418535194 ], [ 76.699426146363038, 30.72863886242931 ], [ 76.699430895941759, 30.728648757429813 ], [ 76.69943617885987, 30.728657192666354 ], [ 76.699445258568318, 30.728664938238097 ], [ 76.699445979541821, 30.728665495405554 ], [ 76.699469203456417, 30.728681280240654 ], [ 76.699476011354079, 30.728684929545487 ], [ 76.69948802395578, 30.728687766304169 ], [ 76.699499862023558, 30.728690039793111 ], [ 76.699521302859452, 30.728693352988365 ], [ 76.699543029985662, 30.728695907277707 ], [ 76.699591211480211, 30.728703575631901 ], [ 76.699638348818524, 30.72871511165599 ], [ 76.69968402694721, 30.72873041377294 ], [ 76.699727843660966, 30.728749347244481 ], [ 76.699769413144054, 30.728771745357523 ], [ 76.699808369367361, 30.728797410892021 ], [ 76.699844369311251, 30.72882611785754 ], [ 76.699845638956631, 30.728827230031246 ], [ 76.699853977667431, 30.728833225586662 ], [ 76.699857495078248, 30.728835222215249 ], [ 76.699861135225902, 30.728836809013885 ], [ 76.699903281008417, 30.728857350990037 ], [ 76.699943044210784, 30.728881175632608 ], [ 76.69998008324994, 30.728908078278462 ], [ 76.700014079943656, 30.728937827823167 ], [ 76.700044742243961, 30.728970168706038 ], [ 76.700071806745783, 30.729004823105591 ], [ 76.700080736479379, 30.729017485652715 ], [ 76.700088728320011, 30.72902658884103 ], [ 76.700089434489172, 30.729027313534303 ], [ 76.700097261605109, 30.729034655517022 ], [ 76.70010321082006, 30.729037871515828 ], [ 76.700118578929704, 30.729044453947786 ], [ 76.700150253152074, 30.729056002732285 ], [ 76.700194047944763, 30.729076412810336 ], [ 76.7002353946135, 30.729100331916179 ], [ 76.700273917576339, 30.729127542775998 ], [ 76.700309266900206, 30.729157798214583 ], [ 76.700341121479511, 30.729190823400462 ], [ 76.700369220160496, 30.729222952271893 ], [ 76.700378411334327, 30.729232203753266 ], [ 76.700389544155229, 30.729241072963365 ], [ 76.700441323912727, 30.729277740549438 ], [ 76.70048017907547, 30.729308200558389 ], [ 76.700515299106712, 30.729341875676401 ], [ 76.700546329322506, 30.729378425815586 ], [ 76.700572956341247, 30.729417481852678 ], [ 76.700594911248629, 30.729458649356602 ], [ 76.700611972313553, 30.729501512571961 ], [ 76.700623967227671, 30.729545638617612 ], [ 76.70063077484572, 30.7295905818584 ], [ 76.700632326409334, 30.729635888405571 ], [ 76.700628661540918, 30.729788862403165 ], [ 76.700628605949817, 30.729793189053453 ], [ 76.700628021622322, 30.730128583638241 ], [ 76.700628361284899, 30.730140427278233 ], [ 76.700640512474124, 30.730345892951412 ], [ 76.700644804085471, 30.73037736716477 ], [ 76.70067521270407, 30.730515886445975 ], [ 76.70067754473088, 30.730524601472752 ], [ 76.700680670637013, 30.730533128970258 ], [ 76.70089587607039, 30.731048128051999 ], [ 76.700898453222976, 30.731054035069228 ], [ 76.701031670102566, 30.731346888815121 ], [ 76.701036864296967, 30.731356829194112 ], [ 76.70104074548081, 30.731357700309999 ], [ 76.70108293997373, 30.731365264831876 ], [ 76.701132346234957, 30.731378646873278 ], [ 76.701179975217229, 30.731396190401778 ], [ 76.701225358517249, 30.731417722887088 ], [ 76.701268049815852, 30.73144303256985 ], [ 76.701307629267205, 30.731471870544038 ], [ 76.701343707627686, 30.731503953204818 ], [ 76.701375930083842, 30.731538965037473 ], [ 76.702404248369106, 30.732777737090803 ], [ 76.702416916625253, 30.732793710967005 ], [ 76.702540754421165, 30.73295728541774 ], [ 76.702550330256699, 30.732970421997219 ], [ 76.702670394667166, 30.733141595618303 ], [ 76.702678993484653, 30.733154319111062 ], [ 76.702764351121758, 30.733285495582489 ], [ 76.702782994548713, 30.73331697522908 ], [ 76.702857329268653, 30.733455642027131 ], [ 76.70285904492728, 30.733458778965169 ], [ 76.703012845381608, 30.733734478255073 ], [ 76.703013302112495, 30.73373529909605 ], [ 76.703192795782925, 30.734058721409596 ], [ 76.703196134192552, 30.734064521529284 ], [ 76.703387651573095, 30.734385608335312 ], [ 76.703391181259605, 30.734391322886697 ], [ 76.703720223910253, 30.734906098753413 ], [ 76.703721639089906, 30.734908283980577 ], [ 76.703959892378009, 30.735271430884893 ], [ 76.703963625118064, 30.735276937220739 ], [ 76.704218688258138, 30.735641269745038 ], [ 76.704229450457959, 30.735657383821781 ], [ 76.704342481758488, 30.735834987658091 ], [ 76.704417422872964, 30.73595278600169 ], [ 76.704422935333099, 30.735960668435194 ], [ 76.70442917553541, 30.735968135083596 ], [ 76.704762582857356, 30.736334489127014 ], [ 76.7047649334082, 30.736337033919092 ], [ 76.705285299423267, 30.736892130200665 ], [ 76.705314351378419, 30.736926285233444 ], [ 76.705339563606046, 30.736962645035746 ], [ 76.70536071347297, 30.737000888543321 ], [ 76.705377614216701, 30.737040678058126 ], [ 76.705390116594813, 30.737081662230111 ], [ 76.705398110202907, 30.737123479159756 ], [ 76.705456497631843, 30.737553902040023 ], [ 76.705458448525576, 30.737564157254386 ], [ 76.705462535798802, 30.737573884731123 ], [ 76.705717589521072, 30.738103831569514 ], [ 76.706191158546673, 30.739087711823881 ], [ 76.706196161787801, 30.739096828273812 ], [ 76.706205204210889, 30.739086669593991 ], [ 76.706237736492341, 30.739053552180071 ], [ 76.706273805655414, 30.739023291196759 ], [ 76.706313077226469, 30.738996167254921 ], [ 76.706355187036763, 30.73897243187529 ], [ 76.706399744599523, 30.738952305156168 ], [ 76.706446336730721, 30.738935973732563 ], [ 76.706494531380542, 30.738923589045577 ], [ 76.706543881639661, 30.73891526593815 ], [ 76.706593929883283, 30.738911081590157 ], [ 76.706644212014524, 30.738911074802775 ], [ 76.706694261767794, 30.738915245638715 ], [ 76.706743615032323, 30.738923555421586 ], [ 76.706791814155679, 30.738935927094651 ], [ 76.706838412187309, 30.738952245935238 ], [ 76.706882977023113, 30.738972360618568 ], [ 76.706925095412132, 30.738996084620993 ], [ 76.706964376788449, 30.739023197949479 ], [ 76.707000456893027, 30.739053449181618 ], [ 76.707033001151302, 30.739086557796973 ], [ 76.707061707775793, 30.739122216778235 ], [ 76.707086310564648, 30.739160095458207 ], [ 76.707096199225063, 30.739177201622155 ], [ 76.70710367800443, 30.739185650369897 ], [ 76.707746041302926, 30.739844121175999 ], [ 76.707755178852778, 30.73985256080541 ], [ 76.707766863355275, 30.73985818744821 ], [ 76.70841952671573, 30.740135296211058 ], [ 76.708430871533949, 30.740139540970219 ], [ 76.708440607988607, 30.740138112221636 ], [ 76.708494546138354, 30.740132671306142 ], [ 76.708548846797584, 30.740132098612555 ], [ 76.708602922663474, 30.740136400334642 ], [ 76.708656188864566, 30.740145529945728 ], [ 76.708708069286246, 30.740159388701848 ], [ 76.708758002801559, 30.740177826709655 ], [ 76.709142638392038, 30.740340779819864 ], [ 76.709153298408026, 30.740345427328208 ], [ 76.710021691000236, 30.740734845556617 ], [ 76.710032375823033, 30.740739118821438 ], [ 76.710043730912957, 30.740741647631314 ], [ 76.710951938639667, 30.740906779662165 ], [ 76.710964044617853, 30.740908462102382 ], [ 76.710974283644816, 30.740902313990937 ], [ 76.710993092715114, 30.740889809937265 ], [ 76.711034982673198, 30.740867066334435 ], [ 76.711079176730124, 30.740847849515571 ], [ 76.711125278090122, 30.740832332017902 ], [ 76.711172872833473, 30.740820653164359 ], [ 76.711221533632767, 30.740812917812697 ], [ 76.711270823589516, 30.740809195414133 ], [ 76.711320300156629, 30.740809519389778 ], [ 76.711369519111713, 30.740813886830605 ], [ 76.711418038545261, 30.740822258523565 ], [ 76.711465422828155, 30.740834559303668 ], [ 76.711511246522804, 30.740850678728798 ], [ 76.711555098202766, 30.740870472071336 ], [ 76.711596584146633, 30.74089376161746 ], [ 76.711886423007101, 30.741073899278717 ], [ 76.711894870980359, 30.741078730568979 ], [ 76.711903728021326, 30.741082980257957 ], [ 76.712893046950299, 30.741515069608216 ], [ 76.712904591068423, 30.741519495868879 ], [ 76.712912520391868, 30.741511004082614 ], [ 76.71314132550917, 30.741238998626105 ], [ 76.713173425968378, 30.741204528043912 ], [ 76.713209281516114, 30.741172939548441 ], [ 76.713248547213681, 30.741144537025058 ], [ 76.713290845317303, 30.741119593709353 ], [ 76.713335768912188, 30.741098349558701 ], [ 76.713382885826903, 30.741081008943901 ], [ 76.713431742790888, 30.741067738683206 ], [ 76.713481869794876, 30.741058666437539 ], [ 76.713532784612212, 30.741053879482529 ], [ 76.713583997437809, 30.741053423868827 ], [ 76.713635015599834, 30.741057303979218 ], [ 76.713685348299208, 30.741065482486459 ], [ 76.713734511330742, 30.741077880712332 ], [ 76.713782031741246, 30.741094379384517 ], [ 76.713827452379036, 30.741114819784006 ], [ 76.713870336291791, 30.741139005271904 ], [ 76.713930413392632, 30.741176641786847 ], [ 76.713940498300389, 30.741182336330553 ], [ 76.713947277848106, 30.74117373301106 ], [ 76.714755533908061, 30.740032772591345 ], [ 76.714761520389217, 30.740023332301998 ], [ 76.714765311463253, 30.740013078777203 ], [ 76.715068598199849, 30.739032757406864 ], [ 76.715071186948052, 30.739022405418019 ], [ 76.715061960976058, 30.739015430101063 ], [ 76.714860747816246, 30.738877562503031 ], [ 76.714823300653876, 30.73884929300818 ], [ 76.714789136986795, 30.738818074375761 ], [ 76.714758566739746, 30.738784189816588 ], [ 76.714731867237532, 30.738747946726111 ], [ 76.714709280689434, 30.738709673895684 ], [ 76.714691011991818, 30.738669718529763 ], [ 76.71467722686964, 30.73862844309609 ], [ 76.714668050373163, 30.73858622203737 ], [ 76.714663565743621, 30.738543438374329 ], [ 76.714663813658419, 30.738500480231099 ], [ 76.714668791862223, 30.738457737314096 ], [ 76.714678455187752, 30.738415597376743 ], [ 76.71469271596564, 30.738374442701907 ], [ 76.714711444820054, 30.738334646633888 ], [ 76.714734471842519, 30.738296570191608 ], [ 76.714761588133456, 30.738260558793584 ], [ 76.714887843945903, 30.7381091818825 ], [ 76.714908561497424, 30.73808158015191 ], [ 76.714909462713763, 30.738080241260732 ], [ 76.714939813141157, 30.738043973895035 ], [ 76.71496423142213, 30.73801765152011 ], [ 76.7150499626933, 30.737914834096991 ], [ 76.715087035872514, 30.737870446815407 ], [ 76.715458291572261, 30.737425512268661 ], [ 76.71549706849467, 30.737379015622089 ], [ 76.71560260042456, 30.737252564095119 ], [ 76.715881250861472, 30.73691859882052 ], [ 76.715888201615741, 30.736909342220127 ], [ 76.715898310952483, 30.736892454415099 ], [ 76.715901270671125, 30.736886852033766 ], [ 76.715927005001575, 30.736848586366062 ], [ 76.715947554519261, 30.73682395373817 ], [ 76.71594742457097, 30.736823872850675 ], [ 76.716272865242303, 30.736433757493462 ], [ 76.716297694296216, 30.736406296243533 ], [ 76.716324903411518, 30.736380572623307 ], [ 76.716343516667052, 30.736364286128051 ], [ 76.716350869678564, 30.736356392780841 ], [ 76.716389673904871, 30.736310300009567 ], [ 76.716441719019485, 30.736248477745235 ], [ 76.716442219036722, 30.73624788480905 ], [ 76.716470262143261, 30.736214687156618 ], [ 76.716769345543995, 30.735859578993107 ], [ 76.716771280429811, 30.735857250685278 ], [ 76.71680460568551, 30.735816606576801 ], [ 76.716816515889292, 30.735802102615942 ], [ 76.716820970956391, 30.735796500381277 ], [ 76.716829079053397, 30.735785967815065 ], [ 76.71684053347029, 30.735769626400018 ], [ 76.716843583872247, 30.735764826581846 ], [ 76.71684965650806, 30.735754669034403 ], [ 76.716864200091109, 30.735728751062179 ], [ 76.716868705738761, 30.73572027976477 ], [ 76.716955412425506, 30.735547953946821 ], [ 76.716958590402143, 30.735541353592197 ], [ 76.716980101128271, 30.735494601361676 ], [ 76.71698127038384, 30.735492013736543 ], [ 76.716991299603279, 30.735469408491632 ], [ 76.716998217226546, 30.735451637933121 ], [ 76.717003168040293, 30.735436920126464 ], [ 76.717005685163073, 30.735428886815651 ], [ 76.717020470776177, 30.73537799281106 ], [ 76.717023144020558, 30.735366491322832 ], [ 76.717035946700619, 30.73532283204004 ], [ 76.717053726215752, 30.735280493377875 ], [ 76.717076305275171, 30.735239897506496 ], [ 76.717103458731287, 30.735201449217723 ], [ 76.717134915825, 30.735165531888725 ], [ 76.717170362885568, 30.735132503659468 ], [ 76.717209446458497, 30.735102693861609 ], [ 76.717251776829968, 30.735076399734794 ], [ 76.717296931912699, 30.735053883462925 ], [ 76.717344461454701, 30.735035369559917 ], [ 76.717393891528715, 30.735021042631153 ], [ 76.717444729257721, 30.735011045532811 ], [ 76.717496467729347, 30.735005477947496 ], [ 76.71752334943082, 30.735004919639952 ], [ 76.717535728059346, 30.735004145632235 ], [ 76.717539628755276, 30.73499399502327 ], [ 76.71781535830155, 30.734138110306645 ], [ 76.717829806135981, 30.734099933429164 ], [ 76.717848128423867, 30.734063018233734 ], [ 76.717870179860725, 30.734027657466598 ], [ 76.717895785569567, 30.733994131546705 ], [ 76.71892781173409, 30.732765592814964 ], [ 76.718961126513648, 30.732729901538434 ], [ 76.71899846370458, 30.732697316309839 ], [ 76.719039437489585, 30.732668173839336 ], [ 76.719083624474806, 30.732642775261958 ], [ 76.719130568064926, 30.732621383026068 ], [ 76.719179783181133, 30.732604218181503 ], [ 76.719230761273451, 30.73259145809552 ], [ 76.719282975575567, 30.732583234620112 ], [ 76.719335886547711, 30.73257963272961 ], [ 76.719388947451719, 30.732580689642674 ], [ 76.719441610000246, 30.732586394437782 ], [ 76.719462020610763, 30.732590456721834 ], [ 76.719478104864081, 30.732592976617653 ], [ 76.719486770760284, 30.732585277772124 ], [ 76.719529668366093, 30.732543234261442 ], [ 76.719531870981342, 30.732540973132487 ], [ 76.719537448724196, 30.732534574979699 ], [ 76.719541794786409, 30.73252979831851 ], [ 76.719783905152738, 30.73223453572631 ], [ 76.719849819729944, 30.732154106985433 ], [ 76.720278957812624, 30.731630748552053 ], [ 76.720458663679793, 30.731411526748854 ], [ 76.720599748343261, 30.731239378058454 ], [ 76.720832771854106, 30.730955164530101 ], [ 76.720866198123915, 30.730918563747185 ], [ 76.720903819358924, 30.730885139157426 ], [ 76.72094523361379, 30.730855247865328 ], [ 76.720989998420265, 30.730829209225593 ], [ 76.721037635514477, 30.73080730143143 ], [ 76.721087635946532, 30.730789758542393 ], [ 76.721139465518036, 30.730776767983894 ], [ 76.721192570489094, 30.730768468544774 ], [ 76.7212076393253, 30.730766802781734 ], [ 76.721207441511751, 30.730763460287193 ], [ 76.721207273479124, 30.73072044377238 ], [ 76.721211850064762, 30.730677609075226 ], [ 76.721221129632241, 30.730635345834401 ], [ 76.721235027765488, 30.730594038489933 ], [ 76.721236388497942, 30.730590612972932 ], [ 76.721239274276499, 30.730580224272138 ], [ 76.721244377993301, 30.730557047593699 ], [ 76.721246369788489, 30.730543659695641 ], [ 76.721246486895097, 30.730530162060372 ], [ 76.721245472044473, 30.7305135319417 ], [ 76.721245210386869, 30.730470811556131 ], [ 76.721249628767367, 30.730428261421281 ], [ 76.721258687539546, 30.730386263283048 ], [ 76.721272305425146, 30.730345193934539 ], [ 76.72127615834485, 30.730335359737246 ], [ 76.721286326834829, 30.730311621118524 ], [ 76.721309319029004, 30.730262248153629 ], [ 76.721335437549939, 30.730214457797938 ], [ 76.721340513078019, 30.730206426509429 ], [ 76.721367919891108, 30.730167806567742 ], [ 76.721399672875023, 30.730131756299066 ], [ 76.721435451723934, 30.730098639352313 ], [ 76.721474895523087, 30.730068789786731 ], [ 76.721506035959337, 30.73004751365383 ], [ 76.721544869759512, 30.730023394044562 ], [ 76.721586095659191, 30.73000244559455 ], [ 76.721629367691591, 30.729984844101807 ], [ 76.721674322719551, 30.729970737276748 ], [ 76.721735683105138, 30.72995418856538 ], [ 76.721747046480871, 30.729950615576431 ], [ 76.721757977014363, 30.729946147075495 ], [ 76.721777701162708, 30.729937092123752 ], [ 76.721788982319865, 30.729931159016658 ], [ 76.721836204114297, 30.729909114106672 ], [ 76.721885796389188, 30.729891373965803 ], [ 76.721937234996545, 30.729878126091503 ], [ 76.721989976275097, 30.72986951050185 ], [ 76.721998561398223, 30.729868499642709 ], [ 76.722011067326392, 30.729864677787226 ], [ 76.722306430086348, 30.729759448293613 ], [ 76.722318542702254, 30.72975447976739 ], [ 76.722326180058104, 30.729744958947926 ], [ 76.722539044537513, 30.729447602810286 ], [ 76.722567881881176, 30.72941139088918 ], [ 76.72260066240726, 30.72937777570689 ], [ 76.722637074805434, 30.729347076496065 ], [ 76.722676773275623, 30.729319584797008 ], [ 76.722719380812023, 30.729295561689032 ], [ 76.722764492783341, 30.729275235311192 ], [ 76.722811680775479, 30.729258798695799 ], [ 76.722860496659862, 30.729246407935353 ], [ 76.722910476849052, 30.729238180700186 ], [ 76.722961146699149, 30.729234195121148 ], [ 76.723012025017155, 30.729234489047553 ], [ 76.723364797637785, 30.729251398825024 ], [ 76.72337733957643, 30.729251452099504 ], [ 76.723378096185684, 30.729240637048534 ], [ 76.723382641734219, 30.728842012412279 ], [ 76.723385512152433, 30.728799017908081 ], [ 76.723393116226461, 30.728756455897461 ], [ 76.723405384622581, 30.728714714424736 ], [ 76.723422205482123, 30.728674174052767 ], [ 76.723443425441445, 30.728635204393321 ], [ 76.723468851030404, 30.72859816073731 ], [ 76.723498250436421, 30.728563380815658 ], [ 76.72353135561805, 30.728531181720175 ], [ 76.723567864748844, 30.72850185701272 ], [ 76.723607444969176, 30.728475674048774 ], [ 76.723649735421006, 30.728452871540139 ], [ 76.723694350537784, 30.728433657378531 ], [ 76.723740883559699, 30.728418206740336 ], [ 76.723788910241979, 30.728406660489632 ], [ 76.723837992722665, 30.72839912389388 ], [ 76.723887683514491, 30.72839566566433 ], [ 76.723937529584489, 30.72839631732958 ], [ 76.724406081839703, 30.728421807160888 ], [ 76.725221592539796, 30.728466112251859 ], [ 76.725233252214949, 30.728466247963773 ], [ 76.725226801262238, 30.728457856413382 ], [ 76.725224335458307, 30.728454968676971 ], [ 76.725196534452479, 30.728418904470161 ], [ 76.725172867650286, 30.728380702105586 ], [ 76.725153553470037, 30.72834071415641 ], [ 76.725138770158495, 30.7282993096747 ], [ 76.725128654146133, 30.728256870785387 ], [ 76.725123298788105, 30.728213789159504 ], [ 76.72512275350293, 30.728170462399454 ], [ 76.725127023316645, 30.728127290369486 ], [ 76.725136068816596, 30.72808467150529 ], [ 76.725149806515475, 30.728042999136868 ], [ 76.725168109622061, 30.728002657858472 ], [ 76.725190809211497, 30.727964019979257 ], [ 76.725217695784607, 30.72792744208726 ], [ 76.725248521201408, 30.727893261758556 ], [ 76.725283000971402, 30.727861794441772 ], [ 76.725320816879133, 30.727833330546986 ], [ 76.725361619921102, 30.727808132765531 ], [ 76.725405033526641, 30.727786433645822 ], [ 76.725450657033306, 30.727768433447149 ], [ 76.725467736574871, 30.727762534030916 ], [ 76.725477218992339, 30.727756204957963 ], [ 76.72557421663403, 30.727685041370922 ], [ 76.72558850256614, 30.727673444852968 ], [ 76.725629288558551, 30.727643582126138 ], [ 76.725673395920893, 30.727617479383863 ], [ 76.725720362120001, 30.727595410351608 ], [ 76.725769694644683, 30.727577606455263 ], [ 76.725820876170374, 30.727564254394366 ], [ 76.725848035468616, 30.727558461752743 ], [ 76.726070541395188, 30.727500413407796 ], [ 76.726082283509669, 30.727496807777534 ], [ 76.726093218093567, 30.72748839765579 ], [ 76.726112371258623, 30.72747548333642 ], [ 76.726112190942189, 30.727475296969477 ], [ 76.72613180001521, 30.72746113777151 ], [ 76.726139793034903, 30.727452567762182 ], [ 76.726182424680374, 30.727401963728525 ], [ 76.726227208311926, 30.727348867202522 ], [ 76.726273067422696, 30.727294435499239 ], [ 76.72627342845071, 30.727294007511137 ], [ 76.726314922339483, 30.727244878314274 ], [ 76.726355479994709, 30.727196701110952 ], [ 76.726391956802459, 30.727153415199339 ], [ 76.726422832340617, 30.727116830935365 ], [ 76.726432517258189, 30.727105326585832 ], [ 76.726463567676902, 30.727071904509256 ], [ 76.72649814975, 30.727041179166367 ], [ 76.726535951263457, 30.727013427948734 ], [ 76.726576630938752, 30.726988901397004 ], [ 76.726619821513907, 30.726967820938988 ], [ 76.726665133059186, 30.726950376890663 ], [ 76.726712156497257, 30.726936726738106 ], [ 76.726760467296387, 30.726926993715711 ], [ 76.726809629302949, 30.726921265693662 ], [ 76.726859198678909, 30.7269195943847 ], [ 76.726908727908679, 30.726921994877298 ], [ 76.72695776983916, 30.726928445499389 ], [ 76.727005881716508, 30.726938888014107 ], [ 76.727052629183135, 30.726953228145483 ], [ 76.727064313726387, 30.72695793415852 ], [ 76.727080864846613, 30.72696375320805 ], [ 76.727093256855767, 30.726965833727849 ], [ 76.727831118782518, 30.727057814609651 ], [ 76.727843269188142, 30.727058814513452 ], [ 76.727849182451806, 30.727049590455564 ], [ 76.728271341946936, 30.726308710681291 ], [ 76.728276090719177, 30.726299258141854 ], [ 76.728265327964777, 30.726294816391402 ], [ 76.72809985950812, 30.726234765341253 ], [ 76.728052754308351, 30.726215219476146 ], [ 76.728008146880754, 30.726191703402382 ], [ 76.727966484134882, 30.726164452721797 ], [ 76.727928183477303, 30.726133740452166 ], [ 76.727893628629559, 30.726099874291926 ], [ 76.727863165783816, 30.726063193537186 ], [ 76.727837100134437, 30.726024065682449 ], [ 76.727815692820585, 30.725982882738613 ], [ 76.727799158309878, 30.725940057305458 ], [ 76.727787662250094, 30.725896018437901 ], [ 76.72778131980975, 30.725851207347276 ], [ 76.727780194524485, 30.725806072981012 ], [ 76.727784297660875, 30.72576106752468 ], [ 76.727793588103836, 30.725716641871795 ], [ 76.727807972768744, 30.72567324110636 ], [ 76.727827307534426, 30.725631300043815 ], [ 76.727851398687207, 30.72559123887482 ], [ 76.727880004861959, 30.72555345895567 ], [ 76.727928259497119, 30.725496204311721 ], [ 76.727940940714518, 30.725481159323873 ], [ 76.727970724577816, 30.725449016309 ], [ 76.728003777273983, 30.725419353636308 ], [ 76.728039823361641, 30.725392418494035 ], [ 76.728078562455309, 30.725368435340791 ], [ 76.728112889360247, 30.725351040866812 ], [ 76.728115863676791, 30.725349351095097 ], [ 76.728122945235611, 30.725340437462076 ], [ 76.728169965952333, 30.725274633748469 ], [ 76.728422849115901, 30.724920837878326 ], [ 76.728734707083518, 30.724484443323426 ], [ 76.728816075706419, 30.724370573841959 ], [ 76.728956224881742, 30.724174576133208 ], [ 76.729151260620696, 30.723901714031779 ], [ 76.729170305243869, 30.723876936345132 ], [ 76.729320907565551, 30.723694360293468 ], [ 76.729350755533943, 30.72366150723925 ], [ 76.729383993040074, 30.723631180229322 ], [ 76.729420335091618, 30.723603639297224 ], [ 76.7294594700777, 30.723579120587519 ], [ 76.729501062440747, 30.723557834331128 ], [ 76.729544755553661, 30.723539963042686 ], [ 76.729590174777556, 30.723525659955776 ], [ 76.729636930673976, 30.723515047709093 ], [ 76.729652477075774, 30.723512176584723 ], [ 76.729670538716547, 30.723508001333251 ], [ 76.729718661325649, 30.723500953512701 ], [ 76.729767335481384, 30.7234978190837 ], [ 76.729816135742041, 30.723498625442865 ], [ 76.729864635563715, 30.723503365541887 ], [ 76.729912411028494, 30.723511997949188 ], [ 76.730475465378476, 30.723637727441265 ], [ 76.730487798941638, 30.723639922080952 ], [ 76.730495699431614, 30.723631450689989 ], [ 76.730526299589087, 30.723595070831827 ], [ 76.730558402242394, 30.723556967117247 ], [ 76.730592416255973, 30.723516515687937 ], [ 76.730631380600542, 30.723470246273813 ], [ 76.730674470240785, 30.723419067319192 ], [ 76.730713144541312, 30.723373124444635 ], [ 76.730756643072098, 30.723321421789041 ], [ 76.730795064872297, 30.723275669215759 ], [ 76.730795554015216, 30.723275087720825 ], [ 76.730843107563174, 30.723218650468798 ], [ 76.730880481996422, 30.723174300205251 ], [ 76.730917508041884, 30.723130318791654 ], [ 76.730955872631426, 30.72308470745217 ], [ 76.730997088210387, 30.72303574880182 ], [ 76.731038930289373, 30.722985934768875 ], [ 76.731039551130408, 30.722985197211553 ], [ 76.731076804782248, 30.722941033891772 ], [ 76.73112247512428, 30.72288667381088 ], [ 76.731160854567705, 30.72284103677266 ], [ 76.731167785061473, 30.722831868318917 ], [ 76.731163823143618, 30.722821466657923 ], [ 76.730981523147562, 30.722412627411554 ], [ 76.730965660115615, 30.722371172785646 ], [ 76.730954510969568, 30.72232858728858 ], [ 76.730948180182097, 30.722285269989875 ], [ 76.730946727072606, 30.722241626816334 ], [ 76.730950165251627, 30.722198066747939 ], [ 76.730958462493433, 30.722154997985374 ], [ 76.730971541038386, 30.7221128241248 ], [ 76.730989278321744, 30.722071940375677 ], [ 76.731011508122506, 30.722032729857421 ], [ 76.731038022121254, 30.72199556000923 ], [ 76.731068571852404, 30.721960779146865 ], [ 76.731089730456858, 30.721938968671115 ], [ 76.731107109065221, 30.721919111662807 ], [ 76.73113990581264, 30.721881576663428 ], [ 76.73114601037453, 30.721873956661192 ], [ 76.73115056748702, 30.721865601587002 ], [ 76.731170804295957, 30.721824185426168 ], [ 76.731175116200191, 30.721814016408462 ], [ 76.731177088134146, 30.721803321369674 ], [ 76.731188434361798, 30.721714297440151 ], [ 76.73118999932268, 30.721688768590369 ], [ 76.731189668251687, 30.721614388453126 ], [ 76.731189208659032, 30.721605366479167 ], [ 76.731187913167972, 30.721596405396639 ], [ 76.731179610577271, 30.721553165917552 ], [ 76.731174951229178, 30.721534065072483 ], [ 76.731122141298997, 30.721356140526083 ], [ 76.7311186033197, 30.721346174335419 ], [ 76.73111202090908, 30.721337437757704 ], [ 76.731081238273589, 30.721300467641196 ], [ 76.730948840788216, 30.721144040942509 ], [ 76.730922436143146, 30.721109644566077 ], [ 76.730899781556502, 30.721073306847586 ], [ 76.730881066736728, 30.721035332084043 ], [ 76.730866448399482, 30.720996038280944 ], [ 76.730864824617711, 30.720990873287953 ], [ 76.730842417126539, 30.720920904543348 ], [ 76.730831459552505, 30.720879024731872 ], [ 76.730825161069703, 30.720836434500654 ], [ 76.730823578751782, 30.720793519822273 ], [ 76.730826726932193, 30.720750669609103 ], [ 76.730834577074447, 30.720708272188801 ], [ 76.730847058031046, 30.720666711785096 ], [ 76.730847354297438, 30.72066588862862 ], [ 76.730847444037749, 30.720659099532515 ], [ 76.730846132839687, 30.720625249959983 ], [ 76.730849923841177, 30.720578649586813 ], [ 76.730859273721151, 30.720532637952015 ], [ 76.730874082167972, 30.720487708659892 ], [ 76.730894190312014, 30.720444343702891 ], [ 76.730919382430372, 30.72040300829093 ], [ 76.730930563249856, 30.720386763525603 ], [ 76.73093102892102, 30.720386088285508 ], [ 76.731064406949287, 30.720193067554209 ], [ 76.731098994167453, 30.720149121572149 ], [ 76.731124930545619, 30.720120015750332 ], [ 76.7311493010411, 30.720092664435281 ], [ 76.731155761356789, 30.720084728000373 ], [ 76.731161406083274, 30.720076340137695 ], [ 76.731177370949709, 30.720050071304541 ], [ 76.731183293494027, 30.720038875419974 ], [ 76.73118776254384, 30.720027186885687 ], [ 76.731190448328562, 30.72001861031827 ], [ 76.731193020737948, 30.720008608876832 ], [ 76.731194528971926, 30.71999844668359 ], [ 76.731197797164043, 30.71996407479671 ], [ 76.731213722208281, 30.719793228279109 ], [ 76.731217862697775, 30.719762243644151 ], [ 76.731223640636429, 30.719729108033526 ], [ 76.731240555238884, 30.719631350479069 ], [ 76.731254475956746, 30.719575429107159 ], [ 76.731260879801852, 30.719555842180899 ], [ 76.731268918313546, 30.719533489719893 ], [ 76.731304122734059, 30.719443873859088 ], [ 76.731306942596163, 30.719435687236022 ], [ 76.731309035769399, 30.719427339437932 ], [ 76.73132050353388, 30.719371428632972 ], [ 76.731332269947004, 30.71931383806281 ], [ 76.731334484114697, 30.719300777989275 ], [ 76.731341917850884, 30.719245738466462 ], [ 76.731348863015654, 30.719208164377193 ], [ 76.731356957154318, 30.719173764031368 ], [ 76.731366116278323, 30.719141117088768 ], [ 76.731378062422166, 30.719109149652006 ], [ 76.73138405919245, 30.719094936146575 ], [ 76.731387642360502, 30.719085050087074 ], [ 76.731389057135402, 30.719074807288568 ], [ 76.731391562026204, 30.719045251065111 ], [ 76.731391622470852, 30.719044545453642 ], [ 76.731393521300134, 30.719022612858492 ], [ 76.731393938622148, 30.719016622699172 ], [ 76.73139398894358, 30.719015614779529 ], [ 76.731394777130561, 30.718997405665426 ], [ 76.731399388989232, 30.718952132528727 ], [ 76.731424474150074, 30.718796296827772 ], [ 76.731424988395517, 30.718792914922613 ], [ 76.731425021831868, 30.718792681366327 ], [ 76.731425963199555, 30.718781761207449 ], [ 76.731425843202658, 30.718777274422937 ], [ 76.731427227611306, 30.718732420605999 ], [ 76.731433763560773, 30.718687907589494 ], [ 76.731445386358203, 30.718644175915351 ], [ 76.731446505211508, 30.718640756033473 ], [ 76.731448774733636, 30.718629701436289 ], [ 76.731464974841487, 30.718518839696717 ], [ 76.731474367069652, 30.718473412728713 ], [ 76.731489082638419, 30.718429052665304 ], [ 76.731536045467408, 30.718310711925088 ], [ 76.73153914347462, 30.718302381927796 ], [ 76.731626706475026, 30.718050245323521 ], [ 76.731629980970169, 30.718038588270471 ], [ 76.731631798354314, 30.718026696040912 ], [ 76.731635371056839, 30.717987135059452 ], [ 76.731636157570605, 30.717970867874651 ], [ 76.731636434088642, 30.717928438961849 ], [ 76.731636407108326, 30.717923687136178 ], [ 76.731636221826122, 30.717913321260006 ], [ 76.73163517468204, 30.717900724346364 ], [ 76.731632497203933, 30.717888308650966 ], [ 76.731627608116426, 30.717871082087473 ], [ 76.731623778799332, 30.717860067222933 ], [ 76.731617430786102, 30.717849958169804 ], [ 76.73160459145484, 30.717831800981944 ], [ 76.731588356034507, 30.717811442466839 ], [ 76.731581709194614, 30.717804015329794 ], [ 76.731571305860513, 30.717793747010873 ], [ 76.731559537023443, 30.717784645440332 ], [ 76.731521130060287, 30.717758395143196 ], [ 76.731511369525862, 30.717752335367351 ], [ 76.731489613238409, 30.717743528625576 ], [ 76.73148974396598, 30.717743287681138 ], [ 76.731460488528995, 30.717731377661092 ], [ 76.73141727195096, 30.717709162825109 ], [ 76.731376729858738, 30.717683458489276 ], [ 76.731339238452819, 30.717654503171907 ], [ 76.731305145624546, 30.71762256555796 ], [ 76.731274767727967, 30.717587942005792 ], [ 76.731248386644211, 30.717550953797101 ], [ 76.731226247166063, 30.717511944155515 ], [ 76.731208554726464, 30.717471275061744 ], [ 76.731195473492448, 30.717429323894542 ], [ 76.731187124841952, 30.717386479928905 ], [ 76.731183586237748, 30.717343140723763 ], [ 76.731184890508885, 30.717299708433039 ], [ 76.731191025546281, 30.717256586073827 ], [ 76.731201934415282, 30.717214173786804 ], [ 76.73121751588431, 30.717172865123217 ], [ 76.731237625364358, 30.717133043393094 ], [ 76.731262076250829, 30.717095078108468 ], [ 76.731290641655349, 30.717059321554686 ], [ 76.731323056511187, 30.717026105521537 ], [ 76.731331333545228, 30.717018408915454 ], [ 76.731368554482771, 30.716987080790794 ], [ 76.731409195870555, 30.716959104935565 ], [ 76.731430412543645, 30.716945936522027 ], [ 76.731421227968482, 30.716939599554259 ], [ 76.731378283467194, 30.716912807432724 ], [ 76.731098274711897, 30.716741571531362 ], [ 76.730945629616983, 30.716648171742687 ], [ 76.730843269439532, 30.716585648712758 ], [ 76.730842719518208, 30.716585312352599 ], [ 76.730747813042569, 30.716527183123677 ], [ 76.73066212485945, 30.71647482003598 ], [ 76.730571647532798, 30.716419419221449 ], [ 76.730480377290775, 30.716363677198771 ], [ 76.730385927266227, 30.716305966235183 ], [ 76.730385484884721, 30.716305695632549 ], [ 76.730287317329498, 30.716245580806966 ], [ 76.730187328220211, 30.716184392548058 ], [ 76.730112787800863, 30.716138864285654 ], [ 76.730020159108619, 30.716082242809794 ], [ 76.729937100164051, 30.716031389661957 ], [ 76.729840078249211, 30.715972076485336 ], [ 76.729746724456575, 30.715914995514066 ], [ 76.729665392412485, 30.715865299918992 ], [ 76.729664956291217, 30.715865033150003 ], [ 76.72957068718614, 30.715807307446411 ], [ 76.729473207122382, 30.715747749866946 ], [ 76.729462355703689, 30.715740937588404 ], [ 76.729371266527494, 30.715682194159807 ], [ 76.729331164518996, 30.715653535480008 ], [ 76.72929456452087, 30.71562156933749 ], [ 76.729261830290241, 30.715586613437626 ], [ 76.729233287162032, 30.715549015200111 ], [ 76.72920921881564, 30.715509148305983 ], [ 76.729189864455591, 30.715467408983532 ], [ 76.72917541643433, 30.715424212070204 ], [ 76.729166018340692, 30.715379986889605 ], [ 76.729161763573003, 30.715335172984453 ], [ 76.729162694411144, 30.715290215748066 ], [ 76.729168801596586, 30.715245561997691 ], [ 76.729180024424693, 30.715201655533672 ], [ 76.729196251348327, 30.715158932728727 ], [ 76.729217321086779, 30.715117818190958 ], [ 76.729243024228893, 30.715078720543893 ], [ 76.72925713619604, 30.715059547673981 ], [ 76.729304147786266, 30.714995672802143 ], [ 76.729308057737583, 30.714990188906903 ], [ 76.729338561629959, 30.714946004854042 ], [ 76.729364610995319, 30.714911888031548 ], [ 76.729394127990517, 30.714879948729383 ], [ 76.729426870225083, 30.714850449225992 ], [ 76.72946256882436, 30.714823631764471 ], [ 76.729500930637485, 30.714799716563377 ], [ 76.729777449013525, 30.714643286689 ], [ 76.729804226567779, 30.714625917925069 ], [ 76.729844160920095, 30.714596367873085 ], [ 76.72985703696429, 30.714586095834331 ], [ 76.72986371947944, 30.714580065060844 ], [ 76.729876632665835, 30.714567830110564 ], [ 76.729897062345444, 30.714545856955727 ], [ 76.730190746910353, 30.714186003786264 ], [ 76.730197683546351, 30.71417705810283 ], [ 76.730334657170232, 30.713990951374754 ], [ 76.730349249366142, 30.713968356299414 ], [ 76.730408110481264, 30.713863479402292 ], [ 76.730435121278759, 30.713821264039126 ], [ 76.730467195566135, 30.713781782448429 ], [ 76.730573139368062, 30.713665170060835 ], [ 76.730591471783484, 30.71364219205914 ], [ 76.73095994142534, 30.713112945224758 ], [ 76.730966070141861, 30.713103053085515 ], [ 76.730966470886031, 30.713101898089011 ], [ 76.730967307472909, 30.713098273739785 ], [ 76.73096887219377, 30.713084187386702 ], [ 76.730969387266711, 30.713074278280178 ], [ 76.730975988373515, 30.713033000355683 ], [ 76.730986970415699, 30.712992424976058 ], [ 76.731002239648149, 30.712952898481383 ], [ 76.731021665731873, 30.712914758258318 ], [ 76.731045082846833, 30.712878329860331 ], [ 76.731056781292352, 30.712863536841521 ], [ 76.731070128838553, 30.712844535545649 ], [ 76.73108110233143, 30.712826990540808 ], [ 76.731086712915157, 30.712816827592111 ], [ 76.731088568302738, 30.712805682394308 ], [ 76.731137427247575, 30.712350543513747 ], [ 76.731137970177429, 30.712340040248026 ], [ 76.731128344905926, 30.712333607918435 ], [ 76.730569706010115, 30.711995905752183 ], [ 76.730556834851384, 30.711989052409987 ], [ 76.73054312953613, 30.71198353714238 ], [ 76.730306414285934, 30.711902398565186 ], [ 76.730146167231538, 30.711848918792043 ], [ 76.729958192708992, 30.711786143373832 ], [ 76.729783526230037, 30.711727874982685 ], [ 76.729736178250235, 30.711709698276366 ], [ 76.729691148954387, 30.711687555597475 ], [ 76.729648881945892, 30.711661665083838 ], [ 76.729609793614642, 30.711632281794824 ], [ 76.729574269034913, 30.711599695198547 ], [ 76.729542658171781, 30.711564226320135 ], [ 76.729515272433517, 30.71152622457905 ], [ 76.729492381603876, 30.711486064346683 ], [ 76.729474211184424, 30.711444141258262 ], [ 76.729460940173226, 30.711400868315135 ], [ 76.729452699301717, 30.711356671816112 ], [ 76.72944956974699, 30.711311987157728 ], [ 76.729451582332374, 30.711267254544971 ], [ 76.729458717224091, 30.71122291465468 ], [ 76.729470904126899, 30.711179404294203 ], [ 76.729488022976838, 30.711137152098363 ], [ 76.729497952070091, 30.711116064770721 ], [ 76.729495229711176, 30.711105521460517 ], [ 76.729396424373391, 30.710796394861696 ], [ 76.729383225197807, 30.710742430010573 ], [ 76.729377748305211, 30.710687476611557 ], [ 76.729375081361425, 30.710594271095569 ], [ 76.729376961529667, 30.710543291314128 ], [ 76.729385491326298, 30.710492820937475 ], [ 76.729508349000554, 30.709973352457169 ], [ 76.729508777281538, 30.709973428078449 ], [ 76.729516297926111, 30.709942553717404 ], [ 76.72953353026368, 30.709896747875309 ], [ 76.729556317485745, 30.709852790991206 ], [ 76.729584399721531, 30.709811184345167 ], [ 76.729586217065702, 30.70980879482039 ], [ 76.729591492225296, 30.709797542477713 ], [ 76.729596281777958, 30.709785492758002 ], [ 76.729615063716949, 30.709749078510793 ], [ 76.729637493750616, 30.709714239560505 ], [ 76.729663396631778, 30.709681248099837 ], [ 76.729683577248508, 30.709657842518162 ], [ 76.729690513352452, 30.709648908890554 ], [ 76.729685852129776, 30.709642953275424 ], [ 76.729664211431796, 30.709617969053472 ], [ 76.729636863603687, 30.709578606759507 ], [ 76.729614288582596, 30.709537046205121 ], [ 76.729596720269697, 30.709493718013103 ], [ 76.729584340689314, 30.709449071120773 ], [ 76.729577278102866, 30.709403568128334 ], [ 76.729575605680481, 30.709357680505665 ], [ 76.729579340742944, 30.709311883707304 ], [ 76.729588444582618, 30.709266652246001 ], [ 76.729602822864862, 30.709222454776299 ], [ 76.729622326605735, 30.709179749238618 ], [ 76.729646753715897, 30.709138978114538 ], [ 76.729675851094797, 30.709100563842146 ], [ 76.729711091219329, 30.709058840388479 ], [ 76.729717955490784, 30.709049814417213 ], [ 76.729716925144942, 30.709046957431934 ], [ 76.729704094912023, 30.70900406916434 ], [ 76.729696195701791, 30.708960300247526 ], [ 76.729693303705361, 30.708916072887607 ], [ 76.72969525857394, 30.7088757011973 ], [ 76.729695242773374, 30.708873804508816 ], [ 76.729693160747743, 30.708856789493261 ], [ 76.72969145649914, 30.708847344134774 ], [ 76.72968855312125, 30.708803395274874 ], [ 76.72969062192206, 30.708759411181997 ], [ 76.72969764318799, 30.708715810837781 ], [ 76.729709550029568, 30.708673009567832 ], [ 76.729712328834751, 30.708664805525924 ], [ 76.729707955557856, 30.708646740411293 ], [ 76.729704638564698, 30.708635635397794 ], [ 76.729696615156215, 30.708589439479184 ], [ 76.729694164626565, 30.708542774269109 ], [ 76.72969731325415, 30.708496140337477 ], [ 76.729706027256157, 30.70845003791797 ], [ 76.729720213151282, 30.708404961542097 ], [ 76.7297397187629, 30.708361394734531 ], [ 76.729764334851609, 30.708319804826473 ], [ 76.729793797360088, 30.70828063794276 ], [ 76.729887810752444, 30.708168793421603 ], [ 76.729891647808756, 30.708163715886357 ], [ 76.729921716751164, 30.708127896242662 ], [ 76.729927488854102, 30.708121685697105 ], [ 76.72993818003286, 30.708108966187396 ], [ 76.729969961448674, 30.708074782231034 ], [ 76.730005434231259, 30.708043426372051 ], [ 76.73004426311482, 30.708015194962574 ], [ 76.730086081115147, 30.707990354824439 ], [ 76.730130492998157, 30.707969140727535 ], [ 76.730177079015277, 30.707951753170999 ], [ 76.73022539887053, 30.707938356488306 ], [ 76.7302749958817, 30.707929077294235 ], [ 76.730325401296469, 30.707924003288213 ], [ 76.730376138722477, 30.707923182425503 ], [ 76.730426728629595, 30.707926622463994 ], [ 76.730476692882021, 30.707934290890915 ], [ 76.730525559256904, 30.707946115230065 ], [ 76.730572865907263, 30.707961983726843 ], [ 76.730618165726966, 30.70798174640441 ], [ 76.730661030576087, 30.70800521648108 ], [ 76.730914694679555, 30.708159532049066 ], [ 76.730924929331266, 30.708165136454834 ], [ 76.730932531947161, 30.708156984080567 ], [ 76.731112523354241, 30.707943536932437 ], [ 76.73111923153715, 30.707934701287147 ], [ 76.731109711637501, 30.707928067901864 ], [ 76.73044628761393, 30.707510503732191 ], [ 76.730406413337562, 30.707482719475067 ], [ 76.730369882789304, 30.707451691948929 ], [ 76.730337047767676, 30.707417719959384 ], [ 76.730308224481021, 30.707381130667866 ], [ 76.73028369050239, 30.707342276441018 ], [ 76.73026368209652, 30.707301531457112 ], [ 76.730248391944684, 30.707259288102588 ], [ 76.730237967289341, 30.707215953193121 ], [ 76.730232508516266, 30.707171944055869 ], [ 76.730232068188158, 30.707127684510443 ], [ 76.730236650538615, 30.707083600787357 ], [ 76.730246211431677, 30.707040117423393 ], [ 76.730260658787131, 30.706997653173097 ], [ 76.730279853467493, 30.706956616976232 ], [ 76.730303610618151, 30.706917404019521 ], [ 76.730331701447795, 30.706880391931058 ], [ 76.730446409078198, 30.706744316983315 ], [ 76.730478560409736, 30.706709864660741 ], [ 76.730514464700718, 30.706678300982446 ], [ 76.730553776235723, 30.706649929865673 ], [ 76.730596116492947, 30.706625024487153 ], [ 76.730641077789002, 30.706603824652813 ], [ 76.730688227204283, 30.706586534488949 ], [ 76.730737110751292, 30.706573320476693 ], [ 76.730787257745888, 30.706564309849171 ], [ 76.73083818533911, 30.706559589366442 ], [ 76.730889403166302, 30.706559204480239 ], [ 76.730940418068371, 30.706563158896206 ], [ 76.730990738840106, 30.706571414538342 ], [ 76.731039880959656, 30.706583891915599 ], [ 76.731087371253594, 30.706600470887267 ], [ 76.731132752452737, 30.706620991819648 ], [ 76.731175587595033, 30.706645257123167 ], [ 76.731175654639188, 30.706645299306601 ], [ 76.731185875081991, 30.706651089339775 ], [ 76.731200868946246, 30.706635050782321 ], [ 76.731236156873294, 30.706600990921043 ], [ 76.731275253590709, 30.706570192515514 ], [ 76.731317757458285, 30.706542971954491 ], [ 76.731363231835715, 30.706519608871648 ], [ 76.731411209568066, 30.706500343272918 ], [ 76.731461197784711, 30.706485373071164 ], [ 76.731512682962489, 30.706474852053056 ], [ 76.7315651362008, 30.706468888299302 ], [ 76.731618018654743, 30.7064675430744 ], [ 76.731670787070442, 30.706470830197411 ], [ 76.731722899365494, 30.706478715899888 ], [ 76.731773820197574, 30.706491119172824 ], [ 76.731823026463601, 30.706507912598848 ], [ 76.731870012673369, 30.706528923661089 ], [ 76.731914296142193, 30.706553936515402 ], [ 76.731932743186647, 30.706565550094869 ], [ 76.731980984278138, 30.706595881100153 ], [ 76.731981414239399, 30.706596151722579 ], [ 76.732034410158491, 30.706629543651481 ], [ 76.732081999134039, 30.706659427555298 ], [ 76.732082584587033, 30.706659795731735 ], [ 76.73214542268299, 30.706699370612181 ], [ 76.732156019819726, 30.706705379493819 ], [ 76.732166947230567, 30.706707175659584 ], [ 76.732222838507582, 30.706719156559657 ], [ 76.732276862334913, 30.706736384326497 ], [ 76.73232836120269, 30.706758649285451 ], [ 76.732376708330563, 30.706785680455472 ], [ 76.732867479758283, 30.707094539693866 ], [ 76.732877715994078, 30.70710033894607 ], [ 76.732885383273086, 30.707092094496588 ], [ 76.733248498096344, 30.706659752528658 ], [ 76.733360213137644, 30.706526716674535 ], [ 76.73339309740031, 30.706491430713434 ], [ 76.733429912470783, 30.706459173304687 ], [ 76.733470286900456, 30.706430269908516 ], [ 76.733513813329779, 30.706405012144593 ], [ 76.733560052598378, 30.706383654849844 ], [ 76.733608538175758, 30.706366413507425 ], [ 76.733658780868367, 30.706353462072631 ], [ 76.733710273755079, 30.706344931217895 ], [ 76.733762497301569, 30.70634090701445 ], [ 76.733809339814997, 30.706341374347431 ], [ 76.733812100934102, 30.706341284617057 ], [ 76.73382490323705, 30.706339759834176 ], [ 76.734377355402017, 30.706249602111864 ], [ 76.734396563292094, 30.706245813252639 ], [ 76.735015723467427, 30.706102224874755 ], [ 76.735026173812045, 30.706099598279827 ], [ 76.735351757716472, 30.706011362207619 ], [ 76.735399985796391, 30.70600044796765 ], [ 76.735449198922794, 30.705993559223501 ], [ 76.735498948153364, 30.705990758816856 ], [ 76.735548779655446, 30.705992072293952 ], [ 76.735598238845924, 30.705997487672455 ], [ 76.735646874538062, 30.706006955550855 ], [ 76.73569424305704, 30.706020389559082 ], [ 76.7357399122874, 30.706037667146358 ], [ 76.735788886015001, 30.706058657465082 ], [ 76.735804504304056, 30.706064807020109 ], [ 76.735842217050092, 30.706078380132585 ], [ 76.735852680750838, 30.706081740280332 ], [ 76.735861438734034, 30.706083965226796 ], [ 76.735877378330855, 30.706082846352537 ], [ 76.735916654009841, 30.706077683773739 ], [ 76.735965754333449, 30.706075275145562 ], [ 76.736014899064983, 30.706076870115677 ], [ 76.736063651949962, 30.706082454525426 ], [ 76.736111580212139, 30.706091978802103 ], [ 76.736158258395193, 30.706105358399103 ], [ 76.73620327213925, 30.706122474546337 ], [ 76.736565768772849, 30.706278316896309 ], [ 76.737675832093345, 30.706745995210245 ], [ 76.737687587115147, 30.706751107086305 ], [ 76.738157677385814, 30.70696199141636 ], [ 76.738168491672184, 30.706966264614564 ], [ 76.738167323497265, 30.706956039250613 ], [ 76.738145657550035, 30.706830771772758 ], [ 76.738140523332618, 30.706785708744132 ], [ 76.738132576147578, 30.706642496073506 ], [ 76.73813239453213, 30.706602860785416 ], [ 76.738136879747557, 30.706506008738796 ], [ 76.738139851272109, 30.706472730470633 ], [ 76.738145662767266, 30.70643973320529 ], [ 76.73815057405119, 30.70641743070399 ], [ 76.73816189927156, 30.706376503730432 ], [ 76.738177589495393, 30.706336666910119 ], [ 76.738197508137645, 30.70629826701316 ], [ 76.738221481806448, 30.706261638301179 ], [ 76.738249301812587, 30.706227099617635 ], [ 76.738280725986257, 30.706194951612545 ], [ 76.738341831676181, 30.706138050287262 ], [ 76.738356128355193, 30.706125252911232 ], [ 76.738383419692809, 30.706101768520163 ], [ 76.738435443478551, 30.706062567420908 ], [ 76.738448886555389, 30.706053718824194 ], [ 76.738461385186525, 30.706045743077794 ], [ 76.738467579905347, 30.706041911835452 ], [ 76.738507649315466, 30.70601945208821 ], [ 76.738549926852542, 30.706000251136675 ], [ 76.738594058545019, 30.705984469741395 ], [ 76.738617858380209, 30.705977041614116 ], [ 76.738661345174762, 30.705965295882869 ], [ 76.738705851691506, 30.705956871699279 ], [ 76.738751038832774, 30.705951833247454 ], [ 76.738760192440338, 30.705951161914818 ], [ 76.738782460522188, 30.705949942318608 ], [ 76.738827571500778, 30.705948307170139 ], [ 76.738841358036424, 30.705947965032937 ], [ 76.738872063859958, 30.705947553731352 ], [ 76.738906495929768, 30.705948074232122 ], [ 76.738909456823521, 30.705948203509024 ], [ 76.73897298861101, 30.705954364653117 ], [ 76.738982248808981, 30.70595576324456 ], [ 76.739145500624886, 30.705979298210647 ], [ 76.739170793618257, 30.70598350120736 ], [ 76.73922174462048, 30.705993099944827 ], [ 76.739227725637107, 30.705993588457105 ], [ 76.739240261663667, 30.705993565282235 ], [ 76.739246313659535, 30.705993301854765 ], [ 76.739257524233324, 30.705992390974075 ], [ 76.739264981148878, 30.705990007441152 ], [ 76.739273327898459, 30.705986567353555 ], [ 76.739283222300429, 30.705980276426541 ], [ 76.739283393116764, 30.70598015665604 ], [ 76.739293167222627, 30.705972560245471 ], [ 76.73929985099879, 30.705962778644782 ], [ 76.739300318552154, 30.705962007393236 ], [ 76.739310890500576, 30.705942315616205 ], [ 76.739314849059824, 30.705933902997156 ], [ 76.739320358326964, 30.705922635237773 ], [ 76.739334021226384, 30.705895715563432 ], [ 76.73939572419205, 30.70577427376492 ], [ 76.739421996856933, 30.705721835031259 ], [ 76.739426512206535, 30.705713079053012 ], [ 76.739440632956004, 30.705686461170291 ], [ 76.739451769871664, 30.705666748065696 ], [ 76.739468302553419, 30.705639204114672 ], [ 76.739493586078822, 30.705601629659196 ], [ 76.739522937805447, 30.705566332568463 ], [ 76.739556085152572, 30.705533640630652 ], [ 76.73959272029218, 30.7055038574407 ], [ 76.739632503007698, 30.705477259581066 ], [ 76.739675063853468, 30.705454094053284 ], [ 76.739720007585532, 30.705434575984206 ], [ 76.739730430337858, 30.705430580922474 ], [ 76.739756553510247, 30.705421290461512 ], [ 76.739817490531649, 30.705401267223202 ], [ 76.739835469471615, 30.7053946840023 ], [ 76.739861014435192, 30.705384339611349 ], [ 76.739874515793417, 30.705378005461995 ], [ 76.739887057453359, 30.705370338472012 ], [ 76.739898339011518, 30.705362537557573 ], [ 76.739924508129405, 30.705341761405609 ], [ 76.739951093756176, 30.705317566203011 ], [ 76.739973813964738, 30.70529373510626 ], [ 76.73997989700149, 30.705285537994502 ], [ 76.739985647649917, 30.705275831791024 ], [ 76.739993482099479, 30.70526085983601 ], [ 76.740001920354814, 30.705242665425683 ], [ 76.740011821255393, 30.70521829879436 ], [ 76.740016675459771, 30.705205061558072 ], [ 76.74002376202354, 30.705183446458292 ], [ 76.740025820714791, 30.705176779850305 ], [ 76.740036016834097, 30.705141610534959 ], [ 76.740040379200892, 30.705123410144392 ], [ 76.740043350861498, 30.705107795038575 ], [ 76.740044722189978, 30.705097830410022 ], [ 76.740045060233967, 30.705087799826234 ], [ 76.740044779640584, 30.70507216954276 ], [ 76.740044076611241, 30.705062111108941 ], [ 76.740042334553863, 30.705052147414456 ], [ 76.740031252531963, 30.705003601852212 ], [ 76.740024103616605, 30.704962291080172 ], [ 76.740022546493606, 30.704949160092585 ], [ 76.740019063335481, 30.704939069765338 ], [ 76.74001430886301, 30.704927337327661 ], [ 76.740011434062481, 30.704920590118359 ], [ 76.740004129874293, 30.704904255111323 ], [ 76.739992307200254, 30.704881613548864 ], [ 76.739974771696325, 30.704852437135784 ], [ 76.73997289808689, 30.704849289599291 ], [ 76.739949471758351, 30.704809552371543 ], [ 76.739940805953538, 30.70479413544016 ], [ 76.739767392595951, 30.704470096561426 ], [ 76.739713469670221, 30.704369663124655 ], [ 76.739707233191169, 30.704358820098516 ], [ 76.73966815485538, 30.704295221198073 ], [ 76.739661795361442, 30.70428546424872 ], [ 76.739645901458061, 30.704262436030167 ], [ 76.739638378049719, 30.70425116937988 ], [ 76.73962543067276, 30.704231117565868 ], [ 76.739615960630644, 30.70421758904449 ], [ 76.739602801292847, 30.704200197940164 ], [ 76.739590463721285, 30.704185258174938 ], [ 76.739585393927996, 30.704179619512789 ], [ 76.739575348108787, 30.704169706748271 ], [ 76.739564027439457, 30.704160879270358 ], [ 76.739562064881511, 30.704159520686172 ], [ 76.739540160418002, 30.704145659453747 ], [ 76.73951445329277, 30.704130475618886 ], [ 76.739471518314218, 30.704098720952341 ], [ 76.739432808108731, 30.704063141349547 ], [ 76.73933670155796, 30.703964623200172 ], [ 76.739308483115906, 30.703932948251666 ], [ 76.739241710881416, 30.703850698241965 ], [ 76.739215048104739, 30.703814268480425 ], [ 76.739192531566502, 30.703775805762902 ], [ 76.739174366912465, 30.703735661381497 ], [ 76.739160720040545, 30.70369420198708 ], [ 76.739151715585876, 30.703651806240476 ], [ 76.739147435782598, 30.703608861354006 ], [ 76.739147919713062, 30.703565759554934 ], [ 76.739153162951055, 30.703522894503188 ], [ 76.739163117602516, 30.703480657695835 ], [ 76.739170387743883, 30.703455921926761 ], [ 76.739176096549556, 30.703430413318696 ], [ 76.7391808266825, 30.703399942538937 ], [ 76.739185429777706, 30.703375431613445 ], [ 76.739191385024569, 30.703348442375908 ], [ 76.739204667013524, 30.703301867428788 ], [ 76.739233200330233, 30.703220671244612 ], [ 76.739251353781611, 30.703177171088864 ], [ 76.739289191216173, 30.703099270155196 ], [ 76.739297962546587, 30.703082209738039 ], [ 76.739333982761934, 30.703015884207446 ], [ 76.739335249561961, 30.703013516071564 ], [ 76.739386627116232, 30.702915994393688 ], [ 76.739390519984624, 30.702907756037586 ], [ 76.739393647390003, 30.70289927765176 ], [ 76.739433003144782, 30.702775926083238 ], [ 76.739438095464465, 30.702759930065064 ], [ 76.739439201710368, 30.702756339636917 ], [ 76.739477778500216, 30.702626852411747 ], [ 76.73948262633688, 30.702606871656542 ], [ 76.739491920204827, 30.702557533924747 ], [ 76.739493265147388, 30.702547658345946 ], [ 76.739493595496498, 30.702537718716219 ], [ 76.739493381381308, 30.702525786564806 ], [ 76.739492879596668, 30.70251750868292 ], [ 76.739491674216723, 30.702509285153489 ], [ 76.739491036776869, 30.702505932017377 ], [ 76.73948863884749, 30.702496091538471 ], [ 76.739484266643501, 30.702486815340269 ], [ 76.73948254653051, 30.702483584041314 ], [ 76.739464979956765, 30.702455884307529 ], [ 76.739451942735428, 30.702438365607467 ], [ 76.739443103624055, 30.702427599066553 ], [ 76.73941757001036, 30.702399276573402 ], [ 76.739391542204231, 30.702364131407428 ], [ 76.739369384418708, 30.702327058161035 ], [ 76.739351286289022, 30.702288374129282 ], [ 76.739337402704791, 30.702248410392951 ], [ 76.739327852484635, 30.70220750898487 ], [ 76.7393227173593, 30.702166019962608 ], [ 76.739321939268521, 30.702154878498785 ], [ 76.73931997991653, 30.702138820048091 ], [ 76.739318367467135, 30.702129426805129 ], [ 76.739315844069978, 30.702120184522155 ], [ 76.739310675370447, 30.702104288170037 ], [ 76.739307006089177, 30.702093960148115 ], [ 76.739301112932566, 30.702078686776876 ], [ 76.739292312656218, 30.702059002191611 ], [ 76.739290370883182, 30.702055198828955 ], [ 76.739281671916189, 30.702039777414718 ], [ 76.739263950260806, 30.702011178004291 ], [ 76.739249518868505, 30.701990608180708 ], [ 76.739240197904294, 30.701978794504331 ], [ 76.739225931055145, 30.701962372723372 ], [ 76.739193843289385, 30.701928745132783 ], [ 76.73918063760452, 30.701915932090589 ], [ 76.739159087384948, 30.701896560157206 ], [ 76.739150402961002, 30.701889115271559 ], [ 76.739122965533767, 30.701866820409943 ], [ 76.739086149381777, 30.701833694688148 ], [ 76.739053422709432, 30.701797505312779 ], [ 76.739025124873066, 30.701758627551317 ], [ 76.739023313941175, 30.701755833279766 ], [ 76.739015258537478, 30.701744234292985 ], [ 76.738996711979738, 30.701719259086982 ], [ 76.738986467217686, 30.701704877852372 ], [ 76.738940132758984, 30.701637021349864 ], [ 76.738922286978521, 30.701607866421217 ], [ 76.738911365388873, 30.701590350815227 ], [ 76.73890337565301, 30.701580316941879 ], [ 76.738827832041537, 30.701495668192155 ], [ 76.738801093649073, 30.701462773619049 ], [ 76.73877785086303, 30.701427952452345 ], [ 76.738758288309171, 30.701391481294589 ], [ 76.7387425613787, 30.701353649854759 ], [ 76.738730794994041, 30.701314758646923 ], [ 76.73871269163476, 30.701241770589274 ], [ 76.738709149387262, 30.701230445523503 ], [ 76.738699483178294, 30.701222207992306 ], [ 76.738507260969385, 30.701074865615873 ], [ 76.738470646605265, 30.701043895027279 ], [ 76.738437722648641, 30.701009971545389 ], [ 76.738408806356986, 30.700973422063043 ], [ 76.738384176368243, 30.700934598777341 ], [ 76.738364070015891, 30.700893875795789 ], [ 76.738348681042126, 30.700851645531198 ], [ 76.738338157731121, 30.700808314920295 ], [ 76.738332601480366, 30.700764301502442 ], [ 76.738332065823741, 30.700720029395981 ], [ 76.73833655591605, 30.700675925211478 ], [ 76.738346028483519, 30.70063241394082 ], [ 76.738360392241091, 30.700589914861922 ], [ 76.738379508772283, 30.70054883749863 ], [ 76.738403193863192, 30.700509577674492 ], [ 76.738431219277885, 30.700472513698664 ], [ 76.738572921343675, 30.700303815170155 ], [ 76.738988877244722, 30.699808588186006 ], [ 76.739020956685266, 30.69977409115603 ], [ 76.739056793994067, 30.699742476904834 ], [ 76.739096044143679, 30.699714049798658 ], [ 76.739138329250522, 30.699689083519168 ], [ 76.739183242213016, 30.699667818428747 ], [ 76.739230350630848, 30.699650459256429 ], [ 76.739279200967857, 30.699637173126973 ], [ 76.739329578375589, 30.699625786005992 ], [ 76.739396173690537, 30.699610601006547 ], [ 76.739435021528507, 30.699603099526801 ], [ 76.739532540838525, 30.69958761642118 ], [ 76.739537803316367, 30.699586732516572 ], [ 76.739632632954397, 30.699569929245634 ], [ 76.739656994637713, 30.699566130340308 ], [ 76.739682580458449, 30.699562679783828 ], [ 76.739694874548462, 30.699560482229362 ], [ 76.739706660463909, 30.699544946712148 ], [ 76.739709852009739, 30.699540243684812 ], [ 76.739739495354328, 30.699504902232849 ], [ 76.739772953144538, 30.69947220237913 ], [ 76.739809912028193, 30.699442450373503 ], [ 76.739850025864612, 30.699415924857504 ], [ 76.739892918966504, 30.699392874254816 ], [ 76.739900933645856, 30.699389018862128 ], [ 76.739901882214625, 30.6993782271174 ], [ 76.739910141420395, 30.699108543457289 ], [ 76.739910207271492, 30.699106558492325 ], [ 76.739916040758175, 30.698943268335821 ], [ 76.739920749052345, 30.69889517310779 ], [ 76.739931377943606, 30.698847788066811 ], [ 76.739947805697867, 30.698801655881681 ], [ 76.739951777220099, 30.698792313763889 ], [ 76.739969603001441, 30.698755501871219 ], [ 76.739991124283833, 30.698720195608452 ], [ 76.740016172597421, 30.698686671348462 ], [ 76.744131662973288, 30.693679136350319 ], [ 76.74413208919654, 30.693678559941361 ], [ 76.744160907383559, 30.693643408071893 ], [ 76.744193474830965, 30.69361079259177 ], [ 76.744229494418917, 30.693581011055169 ], [ 76.744268637534276, 30.693554335161732 ], [ 76.744310547068608, 30.69353100827767 ], [ 76.744354840676095, 30.693511243215809 ], [ 76.744401114261677, 30.693495220293986 ], [ 76.744448945667529, 30.693483085690147 ], [ 76.744497898524358, 30.693474950108794 ], [ 76.744547526232267, 30.693470887771085 ], [ 76.744597376034946, 30.693470935737665 ], [ 76.744646993150084, 30.693475093570736 ], [ 76.744695924918119, 30.693483323337897 ], [ 76.744743724931737, 30.693495549958325 ], [ 76.744789957108324, 30.693511661887605 ], [ 76.744834199668247, 30.693531512135426 ], [ 76.744876048982547, 30.693554919606509 ], [ 76.748515243330999, 30.695810483855897 ], [ 76.748525510912728, 30.695816210136826 ], [ 76.74853312081045, 30.695807947408255 ], [ 76.74853644946208, 30.69580394509363 ], [ 76.748543093066928, 30.695795067502342 ], [ 76.748533513645043, 30.69578849154302 ], [ 76.746791173773261, 30.694708593231738 ], [ 76.746750174516862, 30.694680383134177 ], [ 76.746712655749505, 30.694648761946034 ], [ 76.74667899577797, 30.694614048510736 ], [ 76.746649533998905, 30.694576592851195 ], [ 76.746624567476601, 30.69453677264039 ], [ 76.746604347947823, 30.69449498939316 ], [ 76.746589079283609, 30.694451664417475 ], [ 76.746578915433858, 30.694407234566331 ], [ 76.746573958875217, 30.694362147832795 ], [ 76.746574259578139, 30.694316858832718 ], [ 76.746579814503249, 30.694271824220877 ], [ 76.746590567632325, 30.694227498086359 ], [ 76.746606410533374, 30.694184327373996 ], [ 76.746627183454336, 30.69414274737774 ], [ 76.746972977625063, 30.69353622965934 ], [ 76.746977939767987, 30.69352633448392 ], [ 76.746973395532464, 30.693516290505443 ], [ 76.746713094429154, 30.693014675616315 ], [ 76.746707757567194, 30.693005530843454 ], [ 76.74670148016412, 30.692996843577102 ], [ 76.746601023382468, 30.692870966970585 ], [ 76.746577324828152, 30.692838379001625 ], [ 76.74640591432231, 30.692578697831795 ], [ 76.746383295085423, 30.692540271873163 ], [ 76.746365024513139, 30.692500155095761 ], [ 76.746351269536291, 30.692458714042125 ], [ 76.746342155826625, 30.692416327354099 ], [ 76.74633776664885, 30.692373382313168 ], [ 76.746338142099958, 30.692330271301959 ], [ 76.746343278743197, 30.692287388219004 ], [ 76.746353129639616, 30.692245124879786 ], [ 76.74636760477722, 30.692203867436763 ], [ 76.74647139467821, 30.691952069019901 ], [ 76.746494383724112, 30.691904938690026 ], [ 76.74652339935767, 30.691860360737106 ], [ 76.74665906722835, 30.691677089618722 ], [ 76.746686931121246, 30.691643028211598 ], [ 76.746718317108375, 30.691611337189414 ], [ 76.746752956721977, 30.691582287625543 ], [ 76.746790553664866, 30.691556127999064 ], [ 76.746830786344702, 30.691533082069327 ], [ 76.746851882002716, 30.691522176710365 ], [ 76.746862032690927, 30.691516346128662 ], [ 76.746865851916596, 30.691506343335522 ], [ 76.746975012567361, 30.691167041658098 ], [ 76.746977860532141, 30.691156084126096 ], [ 76.746976816017934, 30.691144889910664 ], [ 76.746943873325961, 30.69092830759401 ], [ 76.746941587481246, 30.690917441726533 ], [ 76.746935022240848, 30.690897570069868 ], [ 76.746933173380114, 30.690892844632746 ], [ 76.746921435746131, 30.690848601584126 ], [ 76.746914903185711, 30.690803563006607 ], [ 76.746913641855286, 30.690758185063903 ], [ 76.746917664522613, 30.690712927356266 ], [ 76.746926930437652, 30.690668248265563 ], [ 76.746941345745739, 30.690624600312628 ], [ 76.74696076443837, 30.690582425574085 ], [ 76.746984989832256, 30.690542151204923 ], [ 76.747013776561687, 30.690504185112189 ], [ 76.747700776935403, 30.689690579522477 ], [ 76.747704362100421, 30.689686226221678 ], [ 76.748637941676108, 30.688523694760669 ], [ 76.748644576054559, 30.688515623815324 ], [ 76.74946318695325, 30.687542543156063 ], [ 76.74947052853868, 30.687534028686677 ], [ 76.749499882376838, 30.687500808745202 ], [ 76.749503669103134, 30.687496413580472 ], [ 76.75028698864476, 30.686563776858243 ], [ 76.751000098983667, 30.685696763743742 ], [ 76.751003652156115, 30.685692332144676 ], [ 76.751394985009853, 30.685191555359143 ], [ 76.751402826999126, 30.68518179963807 ], [ 76.751708860477947, 30.684811582590275 ], [ 76.751740639656816, 30.684776874193048 ], [ 76.751776202018149, 30.684745025015797 ], [ 76.751815205084014, 30.68471634177379 ], [ 76.751857273242663, 30.684691100693289 ], [ 76.751902001365849, 30.684669544851474 ], [ 76.751948958710173, 30.684651881835663 ], [ 76.751997693065235, 30.68463828174426 ], [ 76.75204773510832, 30.684628875548757 ], [ 76.752098602924008, 30.684623753832511 ], [ 76.752149806644866, 30.684622965918415 ], [ 76.752200853168858, 30.684626519393984 ], [ 76.752251250907776, 30.684634380038254 ], [ 76.75230051452111, 30.684646472151403 ], [ 76.752348169589837, 30.684662679283644 ], [ 76.752393757185033, 30.684682845356711 ], [ 76.752436838287181, 30.684706776166784 ], [ 76.754372679921175, 30.685902004822864 ], [ 76.754383082945722, 30.685907775355663 ], [ 76.754390565926073, 30.685899271778052 ], [ 76.754419780104499, 30.685862405583592 ], [ 76.754420241992406, 30.685861823690907 ], [ 76.754476583221262, 30.685790963074318 ], [ 76.754490451533414, 30.685774342735378 ], [ 76.754545107959416, 30.685711881602913 ], [ 76.754557745463799, 30.685698012270706 ], [ 76.754576006050641, 30.685678759221439 ], [ 76.75461694912795, 30.685640359070131 ], [ 76.754662753181549, 30.685606306214922 ], [ 76.754674299594456, 30.685598681053431 ], [ 76.754721359242012, 30.685570981580575 ], [ 76.754766859080746, 30.685547232236871 ], [ 76.754822904164257, 30.685521851414915 ], [ 76.754875582180659, 30.685501410987005 ], [ 76.754897575190085, 30.685493394266274 ], [ 76.754951947495897, 30.685474828949012 ], [ 76.754987583779382, 30.68546393319378 ], [ 76.755025305459299, 30.685453712372599 ], [ 76.755061275735898, 30.685445173616909 ], [ 76.755125093113051, 30.685432125070086 ], [ 76.755194311817746, 30.685422162146367 ], [ 76.7552908895982, 30.685413977698119 ], [ 76.755313964181084, 30.685412467787899 ], [ 76.75547280110834, 30.685405130713647 ], [ 76.755529511685609, 30.685405178008928 ], [ 76.755644657212841, 30.685410689513478 ], [ 76.755669125711478, 30.685412360328328 ], [ 76.756102195267275, 30.685450807319199 ], [ 76.756158109803181, 30.685458438606091 ], [ 76.756343822231244, 30.685492797455691 ], [ 76.756410887968173, 30.685509323791404 ], [ 76.756537209815875, 30.685548511320484 ], [ 76.756599280073033, 30.685571794802911 ], [ 76.756689905002489, 30.685612011992443 ], [ 76.756745311863227, 30.685640466823738 ], [ 76.756868338101356, 30.685712889093431 ], [ 76.756878864403134, 30.685719250936501 ], [ 76.756882274431931, 30.685721366354649 ], [ 76.757280704354088, 30.685966208210175 ], [ 76.757283603548586, 30.685968002724962 ], [ 76.75871013182406, 30.686857353284761 ], [ 76.758712314734836, 30.686858699482254 ], [ 76.760038967336712, 30.687667970679925 ], [ 76.760049368647898, 30.687673670841985 ], [ 76.760056831614321, 30.687665203316286 ], [ 76.760224755941707, 30.687453732067684 ], [ 76.76023223590704, 30.687444559064335 ], [ 76.760868670419384, 30.686684329141244 ], [ 76.760874658997707, 30.686676863459631 ], [ 76.761202968598468, 30.686249434318427 ], [ 76.761317739269188, 30.686100007356774 ], [ 76.761323864248737, 30.68609113991592 ], [ 76.761314526866158, 30.686084695576614 ], [ 76.759899272714094, 30.685200287199319 ], [ 76.75961260488404, 30.685021756811086 ], [ 76.759457141550911, 30.684924929048403 ], [ 76.759366670146505, 30.684868595975868 ], [ 76.758809703705225, 30.684521819859921 ], [ 76.758242806432108, 30.684169252083567 ], [ 76.758241711515794, 30.684168569262514 ], [ 76.757709724128944, 30.683835899118527 ], [ 76.757108370299548, 30.683464090776162 ], [ 76.757107027233459, 30.683463257588542 ], [ 76.756657652941811, 30.683183547844365 ], [ 76.756654318880237, 30.68318145524362 ], [ 76.75631776973961, 30.682968462536895 ], [ 76.756312922132082, 30.682965467497219 ], [ 76.756201188425237, 30.682898086870576 ], [ 76.756179507261137, 30.682884279737639 ], [ 76.756111583619372, 30.682838640801968 ], [ 76.756102190706073, 30.682832178367519 ], [ 76.756017717493577, 30.682772674944129 ], [ 76.755992398556984, 30.68275657207683 ], [ 76.755935761338876, 30.682714857555307 ], [ 76.755910612799568, 30.682693479230661 ], [ 76.755876609205998, 30.682667360779742 ], [ 76.755875489875805, 30.682666498521524 ], [ 76.75580832372178, 30.682614608252376 ], [ 76.755796469764149, 30.682605566678518 ], [ 76.755781260505159, 30.682593983229893 ], [ 76.75554758675662, 30.682417301052418 ], [ 76.755546132517765, 30.682416197368831 ], [ 76.755294060614261, 30.682224171991905 ], [ 76.755293123151674, 30.682223456114212 ], [ 76.754863610901054, 30.681894671221297 ], [ 76.754827257415087, 30.681863986762579 ], [ 76.754794529141208, 30.681830391894763 ], [ 76.754765736392258, 30.681794205151 ], [ 76.754741152165025, 30.681755769639235 ], [ 76.754721009551972, 30.681715449788943 ], [ 76.754705499531212, 30.681673627895702 ], [ 76.754694769156018, 30.681630700496363 ], [ 76.754688920160618, 30.68158707460913 ], [ 76.754688007995952, 30.681543163874505 ], [ 76.754692041303997, 30.681499384633184 ], [ 76.754700981836251, 30.681456151978551 ], [ 76.754714744816511, 30.681413875821004 ], [ 76.754733199745019, 30.681372957001333 ], [ 76.754756171635904, 30.681333783490249 ], [ 76.75478344267664, 30.681296726709917 ], [ 76.754881099300349, 30.681177294338138 ], [ 76.754887632418558, 30.681168423279576 ], [ 76.754879878223377, 30.681160319992618 ], [ 76.754853046717457, 30.681134891940612 ], [ 76.754827814499308, 30.681109102927948 ], [ 76.754320935039317, 30.680549840510569 ], [ 76.754306612580223, 30.680533268606482 ], [ 76.753848070918693, 30.679976519523034 ], [ 76.753830323484863, 30.679953508930616 ], [ 76.75347122372051, 30.679455477001259 ], [ 76.753458405950752, 30.679439583984241 ], [ 76.753431205828917, 30.679402056361123 ], [ 76.753418107985311, 30.679381843115653 ], [ 76.753414291366624, 30.679376571421425 ], [ 76.753411139578105, 30.67937232443176 ], [ 76.753063237545632, 30.678914871781515 ], [ 76.753060318012487, 30.678910989627429 ], [ 76.752742939895427, 30.678484185537879 ], [ 76.752665593594543, 30.678380080130456 ], [ 76.752573209112271, 30.678255872882485 ], [ 76.752546380565192, 30.678215331136578 ], [ 76.75252454652032, 30.678172608713197 ], [ 76.752507941101754, 30.678128163733017 ], [ 76.752496742365167, 30.678082472787505 ], [ 76.752491070388842, 30.67803602582811 ], [ 76.752490985986313, 30.677989320912502 ], [ 76.752496490054568, 30.677942858863734 ], [ 76.752507523564859, 30.677897137899869 ], [ 76.752509899272084, 30.677889338467523 ], [ 76.752506107975677, 30.677879268685764 ], [ 76.751581928314735, 30.675771647515479 ], [ 76.751100179362851, 30.674673044405555 ], [ 76.751095121266772, 30.674663031132329 ], [ 76.751089263083486, 30.674660472803332 ], [ 76.751043510392549, 30.674637917743294 ], [ 76.751000621430251, 30.674611490760377 ], [ 76.750961033194386, 30.674581461121683 ], [ 76.750925149050303, 30.674548134801903 ], [ 76.750893334620841, 30.674511851365679 ], [ 76.750865914061137, 30.674472980507591 ], [ 76.750731879844935, 30.67425942155619 ], [ 76.750725759959437, 30.674250652608777 ], [ 76.750717119732386, 30.674243645424628 ], [ 76.750622592267405, 30.674173726611322 ], [ 76.750595283241381, 30.67415350279034 ], [ 76.750568044274132, 30.674135218294829 ], [ 76.750553548979184, 30.674126303221158 ], [ 76.750511210025266, 30.674093743856318 ], [ 76.750496362960135, 30.674081012293485 ], [ 76.750484328692764, 30.674077872184778 ], [ 76.750302929785292, 30.674038777678042 ], [ 76.750232177768751, 30.67402353789311 ], [ 76.750185116459306, 30.67401134051385 ], [ 76.750139590992802, 30.673995371236604 ], [ 76.750096004989075, 30.673975771641903 ], [ 76.750054744872514, 30.673952715495943 ], [ 76.749912007451798, 30.673864449263455 ], [ 76.749901604875532, 30.67385866148383 ], [ 76.749891385212592, 30.673864781668538 ], [ 76.749849193155868, 30.673887555699135 ], [ 76.749804683949876, 30.673906753532524 ], [ 76.749758262088847, 30.673922200700368 ], [ 76.749710349449757, 30.673933756819956 ], [ 76.749661381458225, 30.673941316870003 ], [ 76.749611803131259, 30.673944812145162 ], [ 76.749562065032862, 30.673944210880411 ], [ 76.749542379904, 30.673942342792209 ], [ 76.74951510750931, 30.673940957563087 ], [ 76.749058501618563, 30.673937197347485 ], [ 76.74904587729749, 30.67393762377138 ], [ 76.749043071547149, 30.673937956223753 ], [ 76.748994471838984, 30.67394172429217 ], [ 76.748945677417041, 30.673941551851758 ], [ 76.74889711497778, 30.673937440410231 ], [ 76.748888507731749, 30.673936358490323 ], [ 76.748876432488302, 30.673935821152586 ], [ 76.748443553564428, 30.673933968582151 ], [ 76.748413760218014, 30.67393507935309 ], [ 76.748362876606265, 30.673934829852158 ], [ 76.748335301825946, 30.67393353073227 ], [ 76.747746069471461, 30.673930997334114 ], [ 76.74770867757897, 30.673932383685287 ], [ 76.747708677494401, 30.673932381981025 ], [ 76.747707540679286, 30.673932470797574 ], [ 76.747657036062122, 30.67393217881677 ], [ 76.747621852452937, 30.673930501326495 ], [ 76.747038514369038, 30.673928020662732 ], [ 76.746987104686312, 30.67392560636516 ], [ 76.746936220521619, 30.673918824557379 ], [ 76.746886357271649, 30.673907741265264 ], [ 76.746838000393382, 30.673892464392971 ], [ 76.746791620677584, 30.673873142672345 ], [ 76.746747669665083, 30.67384996421492 ], [ 76.74670657525067, 30.673823154680331 ], [ 76.746668737516998, 30.673792975079387 ], [ 76.746634524839578, 30.673759719232777 ], [ 76.746604270300239, 30.673723710910497 ], [ 76.746578268444495, 30.673685300679562 ], [ 76.746556772413911, 30.673644862490917 ], [ 76.746539991481882, 30.673602790038704 ], [ 76.746528089016209, 30.673559492927254 ], [ 76.74652118088899, 30.673515392683292 ], [ 76.746519334348619, 30.673470918652043 ], [ 76.746522019745612, 30.67329875473321 ], [ 76.746526482307672, 30.672901252577081 ], [ 76.746525938565725, 30.672893784326913 ], [ 76.746525819822409, 30.672838808147667 ], [ 76.74652736821848, 30.672816194306986 ], [ 76.746527585864612, 30.672794860648445 ], [ 76.746527506568412, 30.672786967942944 ], [ 76.746515109392362, 30.672377840092462 ], [ 76.746514932569795, 30.672364762074576 ], [ 76.746516745884421, 30.671807588441936 ], [ 76.746516655827989, 30.671800995503087 ], [ 76.746499105098806, 30.671227051772483 ], [ 76.746498175406799, 30.671216311744637 ], [ 76.746494614015376, 30.671210110187641 ], [ 76.746475931770405, 30.671180945827196 ], [ 76.74645485153178, 30.671138148063804 ], [ 76.746438982849966, 30.671093701162441 ], [ 76.74642849450052, 30.671048077869841 ], [ 76.746423498032073, 30.67100176344454 ], [ 76.746424046580117, 30.670955250495332 ], [ 76.746425446173802, 30.670944625066859 ], [ 76.746426895450995, 30.670926036491302 ], [ 76.746417112414335, 30.670919454316611 ], [ 76.74627504814913, 30.670833155642516 ], [ 76.745758585690055, 30.670519552892905 ], [ 76.74575409418496, 30.670516794847394 ], [ 76.74512767811602, 30.670127818148099 ], [ 76.745026463510328, 30.670064924575044 ], [ 76.744985772164313, 30.67003967978912 ], [ 76.744426959110015, 30.66969846385242 ], [ 76.744422048328175, 30.669695428302155 ], [ 76.74397809880837, 30.669417634366528 ], [ 76.74397189943781, 30.669413872532985 ], [ 76.743822818889228, 30.669326173781648 ], [ 76.743812111650513, 30.669320509978785 ], [ 76.743788738912372, 30.669313006806348 ], [ 76.743783460550375, 30.669311546795878 ], [ 76.743734812553043, 30.669293196474513 ], [ 76.743688572996305, 30.669270668828396 ], [ 76.743684565786495, 30.669268477216576 ], [ 76.743679477249501, 30.669266785358751 ], [ 76.743672488494724, 30.669264982971864 ], [ 76.743486346782859, 30.669222976800043 ], [ 76.743482224048265, 30.669222077385061 ], [ 76.742941760552114, 30.669108210231119 ], [ 76.742924090096082, 30.669104202758213 ], [ 76.742781009656568, 30.669069428267637 ], [ 76.742738571735586, 30.669057397707689 ], [ 76.742701080670869, 30.669045210010342 ], [ 76.742661692915846, 30.669030786353609 ], [ 76.7425754137642, 30.668995518464179 ], [ 76.742556300409177, 30.668987287770221 ], [ 76.742507659638107, 30.668965256622105 ], [ 76.742475949803008, 30.668949648881135 ], [ 76.742423343502807, 30.668921605995781 ], [ 76.742418367034915, 30.668918919683819 ], [ 76.742355436884736, 30.668884523163285 ], [ 76.7423329846293, 30.668871535863676 ], [ 76.742285609024563, 30.668842569351145 ], [ 76.742277183399651, 30.66883730811502 ], [ 76.742193422060453, 30.66878389921709 ], [ 76.742181572092619, 30.668776115285858 ], [ 76.741784975329949, 30.668507801767461 ], [ 76.74074590821175, 30.667808042101662 ], [ 76.740743775420967, 30.667806620988323 ], [ 76.740428132996357, 30.66759853866829 ], [ 76.740200234341373, 30.667448261118583 ], [ 76.740150259330235, 30.667415295618323 ], [ 76.73890504458906, 30.666594288519551 ], [ 76.738897779921288, 30.666589410469829 ], [ 76.738513540766917, 30.666326674542599 ], [ 76.738277890817514, 30.666165589946051 ], [ 76.738036862363685, 30.666000744440691 ], [ 76.737802903943049, 30.665840743733714 ], [ 76.737558287543479, 30.665673556975189 ], [ 76.737333760130056, 30.665519967567185 ], [ 76.737105274860795, 30.665363786846232 ], [ 76.73685754006415, 30.665194407149055 ], [ 76.736845875065086, 30.665186192504414 ], [ 76.736828230623317, 30.665173396798508 ], [ 76.736804573968712, 30.665157884543902 ], [ 76.736765620284174, 30.665129655053477 ], [ 76.736744601320368, 30.665112849494591 ], [ 76.736406491937856, 30.66486801650554 ], [ 76.735585025555267, 30.664273031561478 ], [ 76.735322977783767, 30.664083206826071 ], [ 76.735313177593611, 30.664076775589166 ], [ 76.735302860634917, 30.664077860997164 ], [ 76.735271231098665, 30.664082472958999 ], [ 76.735218873267215, 30.664085486596996 ], [ 76.735166430064552, 30.664083938662646 ], [ 76.735114431957683, 30.664077844813104 ], [ 76.735063404911315, 30.664067266687862 ], [ 76.735013865067458, 30.66405231128514 ], [ 76.734966313524453, 30.664033129879606 ], [ 76.734921231268075, 30.664009916492194 ], [ 76.734879074306249, 30.663982905927437 ], [ 76.734467797943822, 30.66369058356694 ], [ 76.734079371963375, 30.663414597237892 ], [ 76.734054461366398, 30.663398593593467 ], [ 76.734041762155385, 30.663391230529751 ], [ 76.734002014643011, 30.663362895944303 ], [ 76.733965693487832, 30.663331310750319 ], [ 76.733933152831256, 30.663296782915047 ], [ 76.733904709952483, 30.663259649097256 ], [ 76.733880642174896, 30.663220271364651 ], [ 76.733861184162237, 30.663179033663475 ], [ 76.733846525630639, 30.663136338074832 ], [ 76.733836809499138, 30.663092600894206 ], [ 76.733832130496296, 30.663048248572384 ], [ 76.733832534236868, 30.66300371355743 ], [ 76.733838016777284, 30.662959430078079 ], [ 76.73384031205093, 30.662946815209626 ], [ 76.733832318468387, 30.662941592592858 ], [ 76.733823929337817, 30.662937156061975 ], [ 76.733816561662536, 30.662945590402916 ], [ 76.731318832093436, 30.666117318865044 ], [ 76.72857351305548, 30.669603296607967 ], [ 76.728568811284674, 30.669609482461805 ], [ 76.726324461383868, 30.672670448340948 ], [ 76.726295589547988, 30.672705927475821 ], [ 76.726262908284994, 30.672738845164229 ], [ 76.72622671987331, 30.67276889693704 ], [ 76.726187359031357, 30.672795804832852 ], [ 76.726145189821608, 30.672819319968976 ], [ 76.726100602283296, 30.672839224843663 ], [ 76.726054008824605, 30.672855335347851 ], [ 76.726005840408163, 30.672867502468126 ], [ 76.725956542564631, 30.672875613665145 ], [ 76.725906571271778, 30.672879593914548 ], [ 76.725856388736716, 30.672879406400988 ], [ 76.725806459120548, 30.6728750528586 ], [ 76.725757244244988, 30.672866573555027 ], [ 76.725709199320548, 30.672854046918971 ], [ 76.725662768735958, 30.67283758881468 ], [ 76.725618381947669, 30.672817351470282 ], [ 76.725576449507443, 30.672793522069732 ], [ 76.723458912015445, 30.671459798604936 ], [ 76.723449237382454, 30.671454308604094 ], [ 76.723449180981632, 30.671464312229642 ], [ 76.723477716976561, 30.672025586027821 ], [ 76.723483249287682, 30.672134211903817 ], [ 76.723484377526049, 30.672144825504716 ], [ 76.723489631705348, 30.672156281784932 ], [ 76.723498406443539, 30.672173046201628 ], [ 76.723514535103931, 30.672213849523825 ], [ 76.723526082381412, 30.672255797676012 ], [ 76.723532942732803, 30.672298507269506 ], [ 76.723535053451073, 30.672341587955927 ], [ 76.723532395238777, 30.67238464599474 ], [ 76.72352499238464, 30.672427287851875 ], [ 76.723512912541793, 30.672469123796482 ], [ 76.723506599423445, 30.672484539327765 ], [ 76.723502287004607, 30.672497012535974 ], [ 76.723502319067478, 30.672507932634065 ], [ 76.723518182091397, 30.672774665954847 ], [ 76.72351883767422, 30.672792786831337 ], [ 76.723519258262712, 30.672825354735185 ], [ 76.723521648526031, 30.672858171006979 ], [ 76.72352223402244, 30.672905148148971 ], [ 76.723520633943423, 30.672938592412891 ], [ 76.72352518960696, 30.673304484959303 ], [ 76.723527641780038, 30.673338765749289 ], [ 76.723528189956355, 30.673385252920717 ], [ 76.723526581436346, 30.673418844048424 ], [ 76.723528696337439, 30.67358772045127 ], [ 76.723529354242217, 30.673644172738179 ], [ 76.723530086750088, 30.6737048201291 ], [ 76.723530859017018, 30.673767696134025 ], [ 76.723531608462608, 30.673829275792798 ], [ 76.723532320980098, 30.673888772618763 ], [ 76.72353309622801, 30.673951811164482 ], [ 76.723533939729421, 30.674018641983483 ], [ 76.723533945459593, 30.674019119122391 ], [ 76.723534557367486, 30.67407280741104 ], [ 76.723535343246397, 30.674136481543893 ], [ 76.723536234340941, 30.674206055563854 ], [ 76.723536948798497, 30.674260800953615 ], [ 76.723537636623419, 30.674316406782932 ], [ 76.723535670750564, 30.674360637619888 ], [ 76.723528698537464, 30.674404488901544 ], [ 76.723516787127494, 30.674447538291503 ], [ 76.723500051234311, 30.67448937117593 ], [ 76.723478652037301, 30.674529584656753 ], [ 76.723452795629512, 30.674567791432104 ], [ 76.723422731032827, 30.674603623526444 ], [ 76.723388747799788, 30.674636735834827 ], [ 76.723351173225055, 30.674666809446588 ], [ 76.723310369193115, 30.674693554716995 ], [ 76.723266728693034, 30.67471671405692 ], [ 76.723220672033449, 30.674736064413885 ], [ 76.723172642794395, 30.674751419420282 ], [ 76.723123103555039, 30.674762631188489 ], [ 76.723072531438305, 30.674769591735263 ], [ 76.723021413515454, 30.674772234021773 ], [ 76.72262753762314, 30.674775856321585 ], [ 76.722496904976353, 30.674777138157499 ], [ 76.722496204510392, 30.674777144624034 ], [ 76.722398963511182, 30.674777985868896 ], [ 76.722303567872927, 30.674778889929271 ], [ 76.722302998725837, 30.674778895054505 ], [ 76.722208164569466, 30.674779704301447 ], [ 76.722122818115778, 30.674780520852693 ], [ 76.722116306210822, 30.674780859820142 ], [ 76.722064676638524, 30.674781335290106 ], [ 76.72205960490129, 30.674781164931542 ], [ 76.721929614807493, 30.674782314346334 ], [ 76.72183120884479, 30.674783257060529 ], [ 76.721733216969497, 30.674784196213277 ], [ 76.721732660570936, 30.674784201289132 ], [ 76.721635030045107, 30.67478504690725 ], [ 76.721536845675786, 30.674785987186603 ], [ 76.721536292780371, 30.674785992228053 ], [ 76.721438661270867, 30.674786837707092 ], [ 76.721340199670479, 30.674787780493123 ], [ 76.721242293638355, 30.674788718138014 ], [ 76.72124174160929, 30.674788723172142 ], [ 76.721144021618699, 30.674789569588764 ], [ 76.721045561221089, 30.674790512142124 ], [ 76.720947656372616, 30.674791449553563 ], [ 76.720947101915868, 30.674791454607458 ], [ 76.720849470374986, 30.674792299643865 ], [ 76.720751285960546, 30.674793239329745 ], [ 76.720750733064861, 30.674793244367869 ], [ 76.720653102478423, 30.674794089248387 ], [ 76.720554554760454, 30.674795032578427 ], [ 76.720456648957949, 30.674795969628846 ], [ 76.720456094501046, 30.674795974680642 ], [ 76.720358462930989, 30.674796819348202 ], [ 76.720260001268528, 30.674797761315887 ], [ 76.7201620951747, 30.674798698147047 ], [ 76.720161543145281, 30.674798703176592 ], [ 76.72006382115687, 30.674799548797751 ], [ 76.719978341702344, 30.674800365830084 ], [ 76.719940324358419, 30.674802344370303 ], [ 76.719888915489278, 30.674802826676956 ], [ 76.71985154478601, 30.674801584703481 ], [ 76.719433977153628, 30.674805413094035 ], [ 76.719402890038907, 30.67480701800007 ], [ 76.719351974057446, 30.674807495340101 ], [ 76.719318424958317, 30.674806393881553 ], [ 76.719204652749156, 30.674807494691656 ], [ 76.719109156017339, 30.674808397582833 ], [ 76.719013725728843, 30.674809299761034 ], [ 76.718918295435031, 30.674810201869175 ], [ 76.718823150365068, 30.674811101211272 ], [ 76.718822579908817, 30.674811106333642 ], [ 76.718727717613234, 30.67481191327861 ], [ 76.718632002324512, 30.674812817601161 ], [ 76.718441170404176, 30.67481462091547 ], [ 76.718356103201117, 30.674815432606447 ], [ 76.718346402105411, 30.674815937114008 ], [ 76.718294016487818, 30.674816384199033 ], [ 76.718241843021318, 30.674812288728305 ], [ 76.718190407600943, 30.674803691982834 ], [ 76.718140228682216, 30.674790680615295 ], [ 76.718091812054965, 30.674773385776614 ], [ 76.718045645744922, 30.67475198179385 ], [ 76.718002195094428, 30.674726684413102 ], [ 76.717961898071835, 30.674697748624698 ], [ 76.717925160856723, 30.674665466092865 ], [ 76.717892353745825, 30.674630162215813 ], [ 76.717863807420457, 30.67459219284569 ], [ 76.717839809613565, 30.674551940701598 ], [ 76.7178206022095, 30.674509811511832 ], [ 76.717806378806102, 30.674466229924189 ], [ 76.717797282763513, 30.674421635225599 ], [ 76.717793405759451, 30.674376476914215 ], [ 76.717792927064679, 30.67435913403466 ], [ 76.717791488147626, 30.674306887381046 ], [ 76.717791475131008, 30.674306403854619 ], [ 76.717790434286556, 30.674266827290673 ], [ 76.717783383343132, 30.674009573513498 ], [ 76.717781010837015, 30.67392258552599 ], [ 76.717780894976272, 30.673916717193727 ], [ 76.717774224063476, 30.673370564448629 ], [ 76.717771304154667, 30.673135928860709 ], [ 76.717771151444737, 30.67313372559024 ], [ 76.717770601650969, 30.673089448737667 ], [ 76.717770722380351, 30.673086730598136 ], [ 76.717769853882473, 30.673016676993395 ], [ 76.717769002110856, 30.672949090572796 ], [ 76.717768149210826, 30.672881451450856 ], [ 76.717767298139819, 30.672813957096558 ], [ 76.717766420247571, 30.672740026399406 ], [ 76.717765645199634, 30.672676773796287 ], [ 76.717764825687823, 30.67261101621261 ], [ 76.717763977186422, 30.672543687934262 ], [ 76.717763971282039, 30.672543194655944 ], [ 76.717763209595219, 30.672476008417696 ], [ 76.717762338250111, 30.672405707232759 ], [ 76.717762132659615, 30.672402739082017 ], [ 76.717761583997174, 30.672358481042235 ], [ 76.717761671307173, 30.672356515125355 ], [ 76.717759608529107, 30.672189832812503 ], [ 76.717757622611202, 30.672022874624091 ], [ 76.71775686739025, 30.672011890292463 ], [ 76.717753066328584, 30.67199932109521 ], [ 76.717743901942001, 30.67196293977338 ], [ 76.717738240363005, 30.67192602902967 ], [ 76.717736120170471, 30.671888840405824 ], [ 76.717736024508838, 30.671878443263942 ], [ 76.717734291020676, 30.671693078565919 ], [ 76.717734286327214, 30.671692536362958 ], [ 76.717733798102557, 30.671631208066952 ], [ 76.71773263881613, 30.671507201735629 ], [ 76.717732058655741, 30.671445243422436 ], [ 76.717731481237564, 30.671383497575878 ], [ 76.717730491911155, 30.671269901350666 ], [ 76.717729358417799, 30.671252500738905 ], [ 76.717728760789271, 30.671213824239963 ], [ 76.717729611998294, 30.671188920573382 ], [ 76.71771794737046, 30.67068677974806 ], [ 76.717697868231838, 30.669819514581398 ], [ 76.717697851461551, 30.669818758539066 ], [ 76.717694874194763, 30.669678397541325 ], [ 76.717694807439898, 30.669666089164856 ], [ 76.717695791254741, 30.669571147980569 ], [ 76.717696464293326, 30.669502048818654 ], [ 76.717696740548121, 30.669474175996459 ], [ 76.717697039627907, 30.669447012224978 ], [ 76.717697383235546, 30.669416194921489 ], [ 76.717696604314696, 30.669398951407075 ], [ 76.717697060232055, 30.669355570043233 ], [ 76.71769790553536, 30.669342808734601 ], [ 76.717699512427885, 30.66917049966834 ], [ 76.71769970124825, 30.669161469658778 ], [ 76.717708468331324, 30.668891706070703 ], [ 76.717715944402769, 30.668660026053292 ], [ 76.717716031234104, 30.668651353302309 ], [ 76.717710428807464, 30.668193540059448 ], [ 76.717709693156479, 30.66818272951274 ], [ 76.717708453014538, 30.668175873837768 ], [ 76.717701000578472, 30.668144242043891 ], [ 76.717695746441791, 30.668098881741148 ], [ 76.717695816102491, 30.668053294665349 ], [ 76.717701208841461, 30.668007946518685 ], [ 76.717704539141835, 30.667993999579785 ], [ 76.717707086615576, 30.667979247582046 ], [ 76.717707667941809, 30.667967361287523 ], [ 76.717704731346117, 30.66773041627491 ], [ 76.71770401870657, 30.667719946109411 ], [ 76.717692657711709, 30.66771626421345 ], [ 76.717285757528742, 30.667603346207201 ], [ 76.71728578497779, 30.667603272296326 ], [ 76.71726476294856, 30.667597433143481 ], [ 76.717264741648634, 30.667597490486827 ], [ 76.717086359955587, 30.667547978977513 ], [ 76.717025474867953, 30.667531148144572 ], [ 76.717013380754508, 30.667528351818472 ], [ 76.716997877743637, 30.667526119548594 ], [ 76.71695062250808, 30.667517353655185 ], [ 76.716904508322386, 30.667504845621309 ], [ 76.716859930857439, 30.667488702768821 ], [ 76.716817272598206, 30.667469063607207 ], [ 76.716776899561765, 30.667446096645058 ], [ 76.716645200057187, 30.667363374388401 ], [ 76.716642776062031, 30.667362003695395 ], [ 76.716601294314188, 30.667335944183403 ], [ 76.716599154983015, 30.667334456026911 ], [ 76.716329821273661, 30.667165227893541 ], [ 76.716327336808448, 30.667163822553135 ], [ 76.716285970417459, 30.667137834878996 ], [ 76.716283775446485, 30.667136308408477 ], [ 76.716074785767972, 30.667005028980793 ], [ 76.7158656294352, 30.666873696734633 ], [ 76.715838115192383, 30.666858142851439 ], [ 76.715829370277831, 30.666853717472719 ], [ 76.715788307425001, 30.666828008253937 ], [ 76.71577928305517, 30.666821110176137 ], [ 76.715754277637885, 30.666803752608796 ], [ 76.715665300260255, 30.666747844933816 ], [ 76.715588176075343, 30.666699386817712 ], [ 76.715511046453614, 30.666650959151351 ], [ 76.715433840419621, 30.666602504547527 ], [ 76.715356535886087, 30.666553932906542 ], [ 76.715252027105336, 30.666488268240577 ], [ 76.715249586202049, 30.666486887566631 ], [ 76.715208079223359, 30.666460802552585 ], [ 76.715205991531079, 30.666459349684782 ], [ 76.715028577716538, 30.666347817217346 ], [ 76.71485928652379, 30.666241520890761 ], [ 76.714848155621482, 30.666235228900632 ], [ 76.714806697781441, 30.6662091950163 ], [ 76.714796356241422, 30.666202004623109 ], [ 76.714748639902183, 30.666172038710826 ], [ 76.714721815779399, 30.666156839445609 ], [ 76.714680394075558, 30.666130768409342 ], [ 76.71465720027993, 30.66611460593554 ], [ 76.714245577174339, 30.66585598127212 ], [ 76.714235370425001, 30.665850206467407 ], [ 76.714227689537637, 30.665858398604882 ], [ 76.713990208216984, 30.666138698540909 ], [ 76.713977974454835, 30.666154725082649 ], [ 76.713947647522019, 30.666190495421528 ], [ 76.713933699653666, 30.666205355292671 ], [ 76.713840033933238, 30.666315964094292 ], [ 76.71383290448432, 30.666325315574372 ], [ 76.713802702911266, 30.666360992713312 ], [ 76.713794052186884, 30.666370225775882 ], [ 76.713741814815549, 30.666431924521163 ], [ 76.713628113974195, 30.666566089183974 ], [ 76.713571378824895, 30.666633043616638 ], [ 76.713514549986357, 30.666700100157662 ], [ 76.713457734294906, 30.666767141070167 ], [ 76.713408386978273, 30.666825366144611 ], [ 76.713349297912004, 30.666895140510171 ], [ 76.713294202489067, 30.666960142142472 ], [ 76.713240273666855, 30.667023783307563 ], [ 76.713173859640548, 30.667102111857904 ], [ 76.713117089741488, 30.667169198166306 ], [ 76.713060160166464, 30.667236372852855 ], [ 76.713003396943094, 30.667303350944273 ], [ 76.712950739241762, 30.667365532945837 ], [ 76.712889938908162, 30.667437326318961 ], [ 76.712833134300752, 30.667504261254557 ], [ 76.712780691819304, 30.667566200065231 ], [ 76.712773591736891, 30.667575515000195 ], [ 76.712743203720521, 30.667611397885903 ], [ 76.712734700923193, 30.667620464117931 ], [ 76.712623082179519, 30.667752170207478 ], [ 76.712503107507501, 30.667893667828039 ], [ 76.712484658420479, 30.667917786410168 ], [ 76.712454703695613, 30.667953093280801 ], [ 76.71243609792225, 30.667972927615104 ], [ 76.712178611886856, 30.668276678186555 ], [ 76.712144137651805, 30.668317449461885 ], [ 76.712141936486333, 30.668320033345392 ], [ 76.712138431996408, 30.668324116661392 ], [ 76.712105542926253, 30.66836303174037 ], [ 76.712103263021021, 30.668365708608874 ], [ 76.712099773408383, 30.668369774345656 ], [ 76.712066965364002, 30.668408436806377 ], [ 76.712059503408696, 30.668417244474533 ], [ 76.712028813507516, 30.668453453014077 ], [ 76.711989800717987, 30.668499551762896 ], [ 76.711951366241863, 30.668544901920637 ], [ 76.711950777943059, 30.668545594686066 ], [ 76.711946649487246, 30.668550446551905 ], [ 76.711907881550488, 30.668596254688559 ], [ 76.711904114382662, 30.668600701390243 ], [ 76.711871042232744, 30.668639746422848 ], [ 76.711869380687745, 30.66864169703365 ], [ 76.711866894455412, 30.668644599449678 ], [ 76.711831467706475, 30.668686351243057 ], [ 76.711827828524434, 30.668690682130133 ], [ 76.711826728351397, 30.668691986499365 ], [ 76.71179634588573, 30.668727872967935 ], [ 76.711796030308051, 30.668728245314689 ], [ 76.711757556878496, 30.668773590991648 ], [ 76.71172108859659, 30.668816611817054 ], [ 76.711716841173114, 30.668821687388558 ], [ 76.711715098526525, 30.668823757413623 ], [ 76.711680708400053, 30.668864365404705 ], [ 76.711678957825484, 30.668866420266905 ], [ 76.711676128850229, 30.668869721379433 ], [ 76.711610460294509, 30.668947240581421 ], [ 76.711600662375758, 30.668960087506711 ], [ 76.711570395004259, 30.668995823036042 ], [ 76.71155831353795, 30.669008708634426 ], [ 76.711220882219195, 30.66940697616856 ], [ 76.711209310860056, 30.669422146177407 ], [ 76.711178988724626, 30.669457935347818 ], [ 76.711165166043031, 30.669472671252787 ], [ 76.710038559778567, 30.670802235044725 ], [ 76.709582050642993, 30.671340911568091 ], [ 76.709581642709082, 30.67134139225633 ], [ 76.709568295331351, 30.671357098338468 ], [ 76.709561264004961, 30.671366288829333 ], [ 76.709560618391052, 30.67136816803249 ], [ 76.709543888611904, 30.671409422143419 ], [ 76.709522617125089, 30.671449082523957 ], [ 76.709497003748567, 30.671486776606059 ], [ 76.709467289088678, 30.671522150292571 ], [ 76.709433752279907, 30.671554871283636 ], [ 76.709396708362988, 30.671584632198453 ], [ 76.709356505325346, 30.671611153462809 ], [ 76.709351701345014, 30.671614015131656 ], [ 76.709343770204384, 30.671622634365583 ], [ 76.709032344650467, 30.671997577614437 ], [ 76.709015246955033, 30.672020429268013 ], [ 76.70900675080135, 30.672033031910935 ], [ 76.708975603095439, 30.672070027210768 ], [ 76.70894027944783, 30.672104104378661 ], [ 76.708921987964999, 30.672120043895141 ], [ 76.70891419513444, 30.672128345363511 ], [ 76.707978044130343, 30.673232161878587 ], [ 76.70797101909065, 30.673241361241349 ], [ 76.707962452336645, 30.673259542701729 ], [ 76.707956114463443, 30.673274804438702 ], [ 76.707930247141803, 30.673320272506452 ], [ 76.707898643141718, 30.673362945856315 ], [ 76.707830418450413, 30.673444574968816 ], [ 76.707830131467546, 30.673444958607774 ], [ 76.707701537024136, 30.673599676746498 ], [ 76.707696910236493, 30.673605863242035 ], [ 76.707667051499456, 30.673641791457328 ], [ 76.707662264021138, 30.673646993370884 ], [ 76.707021003761994, 30.674418934949564 ], [ 76.707007960473049, 30.674436377005769 ], [ 76.706978071580238, 30.674472341367338 ], [ 76.706963499069261, 30.674488173701487 ], [ 76.706683028683742, 30.674825765092486 ], [ 76.70667274557151, 30.674839512934568 ], [ 76.706642888853594, 30.674875434841915 ], [ 76.706631592107911, 30.674887708390511 ], [ 76.705898597822269, 30.675770102778031 ], [ 76.705891087718754, 30.67578014193624 ], [ 76.705861231183704, 30.675816059281985 ], [ 76.70585323106269, 30.675824750209127 ], [ 76.705700812891806, 30.67600826080211 ], [ 76.7055499205389, 30.676189868096614 ], [ 76.705543088821258, 30.676198998473609 ], [ 76.705542072492875, 30.676203712964746 ], [ 76.705531496107412, 30.67624295097351 ], [ 76.7055169109519, 30.676281216669029 ], [ 76.705498433397125, 30.676318204727828 ], [ 76.705476210871979, 30.676353620020347 ], [ 76.705450420687214, 30.676387179965879 ], [ 76.705139248095207, 30.676755295908471 ], [ 76.704768336240448, 30.67719408711606 ], [ 76.704752368039522, 30.677215072621173 ], [ 76.70472215253136, 30.677250826977456 ], [ 76.704704065542899, 30.677270160510222 ], [ 76.704671714763165, 30.677308429223199 ], [ 76.704636924074691, 30.677345326850077 ], [ 76.704597828279887, 30.6773788499105 ], [ 76.704554862801857, 30.67740862504289 ], [ 76.704508506163577, 30.677434320627658 ], [ 76.704459274658191, 30.677455650480709 ], [ 76.704407815559733, 30.677472344935957 ], [ 76.70439992807691, 30.677480856123633 ], [ 76.704372963699939, 30.67751307430288 ], [ 76.704365654932118, 30.677522776144897 ], [ 76.704335520934208, 30.677558766924683 ], [ 76.70432734654743, 30.677567581101034 ], [ 76.704115173762546, 30.677820886018441 ], [ 76.704096892958646, 30.677845130292095 ], [ 76.704091872297028, 30.677852559881735 ], [ 76.704061791101623, 30.677888450317699 ], [ 76.704054778235232, 30.677895288808262 ], [ 76.704034040685912, 30.677917638177821 ], [ 76.703828727583598, 30.67816269873482 ], [ 76.703809998312707, 30.678187535654263 ], [ 76.703780134153689, 30.678223203114424 ], [ 76.703766090515586, 30.678238359222977 ], [ 76.702633942804141, 30.679591147402597 ], [ 76.702621041846385, 30.679608275331933 ], [ 76.702591043695705, 30.679644124990542 ], [ 76.702576354488542, 30.679659979582706 ], [ 76.700204854448444, 30.68249376308189 ], [ 76.700196027366303, 30.682505478810771 ], [ 76.700166013588486, 30.682541335601861 ], [ 76.700156201273145, 30.682551922745265 ], [ 76.699986847675021, 30.68275428358611 ], [ 76.699968129305915, 30.682779191665833 ], [ 76.699937961883862, 30.682815297958236 ], [ 76.699914644245553, 30.682840485613205 ], [ 76.699660322162472, 30.683144447844761 ], [ 76.699653361534715, 30.683153690095189 ], [ 76.699645288264449, 30.683167129294159 ], [ 76.699638568005128, 30.683179798742085 ], [ 76.699612758273688, 30.683218041324142 ], [ 76.699582734828326, 30.683253912675408 ], [ 76.699548786945442, 30.683287067169232 ], [ 76.699537265395961, 30.683296309576065 ], [ 76.69952488942765, 30.68330726240649 ], [ 76.699516907826023, 30.683315874448642 ], [ 76.699229313584667, 30.683659473742654 ], [ 76.699209401328673, 30.683685893038366 ], [ 76.699179354030321, 30.683721774709223 ], [ 76.699156738097301, 30.683746164409744 ], [ 76.699090038738248, 30.683825908569265 ], [ 76.699082623147021, 30.683835743788034 ], [ 76.699052704309338, 30.683871474810022 ], [ 76.699044516192046, 30.683880309545735 ], [ 76.697472295377537, 30.68575887929218 ], [ 76.697440595046814, 30.685793118392439 ], [ 76.69743789686099, 30.685795758586789 ], [ 76.696399985168682, 30.687015299930017 ], [ 76.696383405690597, 30.687036873940766 ], [ 76.696376161862077, 30.687047368814802 ], [ 76.696346906278592, 30.687081850811524 ], [ 76.696335779908097, 30.687092649337579 ], [ 76.69631800229962, 30.687111760304937 ], [ 76.69520843736916, 30.688436328917565 ], [ 76.695193605100101, 30.688455983757578 ], [ 76.695163545228453, 30.688491838851629 ], [ 76.695146696637266, 30.68850998902164 ], [ 76.694448288140336, 30.689343663364198 ], [ 76.694168719743786, 30.689677501216121 ], [ 76.694148824992055, 30.689703788675995 ], [ 76.694147507195765, 30.689705720791491 ], [ 76.694118117890596, 30.689740670135208 ], [ 76.69409384249154, 30.689766807623471 ], [ 76.693778024052349, 30.690143792682754 ], [ 76.693771036445767, 30.690153061776652 ], [ 76.693768729901564, 30.690156900192385 ], [ 76.693751819457503, 30.690188827231605 ], [ 76.693726254818301, 30.690226817394784 ], [ 76.693696533416642, 30.69026247704419 ], [ 76.693662937422076, 30.690295467628097 ], [ 76.693627071494973, 30.69032443743906 ], [ 76.693626491506095, 30.690324952830203 ], [ 76.693618654286411, 30.690333413961113 ], [ 76.693365763062744, 30.690635173347943 ], [ 76.693358862114579, 30.69064431297188 ], [ 76.693355704720901, 30.690651076485818 ], [ 76.69333460506644, 30.690690649261587 ], [ 76.693309185504987, 30.690728277885434 ], [ 76.693279683256733, 30.690763611192423 ], [ 76.693246373644016, 30.690796319438004 ], [ 76.693213204364739, 30.690823154994444 ], [ 76.693199177609841, 30.690834749817981 ], [ 76.693189423339859, 30.690844973353517 ], [ 76.693063511951664, 30.69099406407388 ], [ 76.691334017320003, 30.693042585216908 ], [ 76.69131873757533, 30.693062686078488 ], [ 76.691308059260436, 30.693078362360168 ], [ 76.691277907092399, 30.693114090972454 ], [ 76.691264483146441, 30.693127100785052 ], [ 76.691246703405554, 30.693146135002266 ], [ 76.690144246431373, 30.694450803287424 ], [ 76.69011346953836, 30.694483842972886 ], [ 76.690079237390393, 30.694514238184379 ], [ 76.690041852710749, 30.69454172012669 ], [ 76.69000164610253, 30.694566045767324 ], [ 76.689958973124916, 30.694586999985891 ], [ 76.689914211148931, 30.694604397476517 ], [ 76.689867756020078, 30.694618084386612 ], [ 76.689820018557654, 30.694627939677577 ], [ 76.689586688413669, 30.694666188286302 ], [ 76.689574553966466, 30.694668049427303 ], [ 76.689432065375286, 30.694688407195621 ], [ 76.688175992509485, 30.694867547545694 ], [ 76.688163539472342, 30.694869871267507 ], [ 76.688162679196608, 30.694870193580403 ], [ 76.688116118230454, 30.694885402519546 ], [ 76.688068092463823, 30.694896709198787 ], [ 76.68801903872189, 30.694904010776266 ], [ 76.687969403180333, 30.694907240839157 ], [ 76.687919637306948, 30.694906370007701 ], [ 76.687910961154273, 30.694905859751472 ], [ 76.687899031070273, 30.694907081514945 ], [ 76.687882237238099, 30.694909482155204 ], [ 76.687869595900736, 30.694911857085319 ], [ 76.687851915449841, 30.694922653630478 ], [ 76.687850510412474, 30.694923613233957 ], [ 76.687848475163335, 30.69492475443657 ], [ 76.687848343347667, 30.694924834929616 ], [ 76.687848339657862, 30.694924830417044 ], [ 76.687809699749991, 30.694946496531735 ], [ 76.687766600856975, 30.694965996656823 ], [ 76.687721588185894, 30.694981944187191 ], [ 76.687675052817212, 30.694994200566484 ], [ 76.687627399061611, 30.695002659307995 ], [ 76.687579040946972, 30.695007246919761 ], [ 76.687530398621149, 30.695007923543223 ], [ 76.687523462496557, 30.695007740503655 ], [ 76.687500988411827, 30.695012984439224 ], [ 76.687494211453142, 30.695014869397539 ], [ 76.687442774418628, 30.695024370001445 ], [ 76.687390492054135, 30.695029348324208 ], [ 76.687345511353556, 30.69503165733018 ], [ 76.687333354519083, 30.695032800892946 ], [ 76.687333482134946, 30.695043368087138 ], [ 76.687355576582235, 30.695363729198 ], [ 76.687356111296708, 30.695407992543842 ], [ 76.687351622634637, 30.695452088015507 ], [ 76.687342153823508, 30.69549559089031 ], [ 76.687327796059279, 30.695538082152819 ], [ 76.687308687628317, 30.695579152530819 ], [ 76.687285012575671, 30.69561840643739 ], [ 76.687256998932483, 30.695655465781247 ], [ 76.687224916519881, 30.695689973608538 ], [ 76.687189074350115, 30.695721597541134 ], [ 76.687149817650379, 30.69575003297809 ], [ 76.687107524537495, 30.695775006029681 ], [ 76.687062602376002, 30.695796276155583 ], [ 76.687015483854339, 30.695813638481837 ], [ 76.686966622817152, 30.695826925774274 ], [ 76.686916489893662, 30.695836010049359 ], [ 76.686865567964489, 30.695840803807005 ], [ 76.686673946904179, 30.695850654311215 ], [ 76.686662062215902, 30.695851760202348 ], [ 76.686661726760505, 30.695862085943755 ], [ 76.686662831057461, 30.695910321814875 ], [ 76.686661448000535, 30.695953245172156 ], [ 76.686655347862327, 30.695995860352284 ], [ 76.686644585925734, 30.696037781109254 ], [ 76.686629259726502, 30.696078627490515 ], [ 76.686609508169454, 30.696118029280743 ], [ 76.686585510269694, 30.696155629357353 ], [ 76.686557483530251, 30.696191086927353 ], [ 76.686525681970849, 30.696224080616226 ], [ 76.686490393825693, 30.696254311380887 ], [ 76.686451938931071, 30.696281505220057 ], [ 76.686410665826529, 30.696305415657882 ], [ 76.686366948595762, 30.696325825977905 ], [ 76.686321183476068, 30.696342551187456 ], [ 76.686273785266906, 30.69635543969439 ], [ 76.686225183570144, 30.696364374681128 ], [ 76.686175818896174, 30.696369275163523 ], [ 76.686008792939617, 30.696378924515916 ], [ 76.685996532221466, 30.696380160388806 ], [ 76.68599563905714, 30.69639079960146 ], [ 76.685994217161266, 30.696444089307867 ], [ 76.685990391082157, 30.696489180558427 ], [ 76.685981360356152, 30.69653371424825 ], [ 76.685967215718861, 30.6965772428929 ], [ 76.685948099292105, 30.696619329106248 ], [ 76.685924203156077, 30.696659549995477 ], [ 76.685895767419552, 30.696697501410494 ], [ 76.685863077807355, 30.69673280200497 ], [ 76.685826462789478, 30.696765097068326 ], [ 76.685786290280674, 30.696794062090049 ], [ 76.685742963943568, 30.696819406020548 ], [ 76.685696919132454, 30.696840874195825 ], [ 76.685648618518798, 30.696858250896533 ], [ 76.685598547441984, 30.69687136151563 ], [ 76.685547209032336, 30.696880074312926 ], [ 76.685495119155377, 30.696884301739068 ], [ 76.68547897888989, 30.696884908808183 ], [ 76.685452043978941, 30.696885927941366 ], [ 76.685425759140131, 30.696888064864972 ], [ 76.685374287419251, 30.696890042146762 ], [ 76.68534645693785, 30.696889923007603 ], [ 76.685319325101005, 30.696890949574414 ], [ 76.685029352194206, 30.696901840199278 ], [ 76.684879512276268, 30.69690748230439 ], [ 76.684553287172932, 30.696919822515845 ], [ 76.684552327771314, 30.696919858042076 ], [ 76.684515294408641, 30.696921199872868 ], [ 76.684477524698281, 30.696924190557304 ], [ 76.68447745372967, 30.696924199299943 ], [ 76.684477377715282, 30.696924202195689 ], [ 76.68447674954227, 30.696924251935652 ], [ 76.684476746816628, 30.696924226229704 ], [ 76.6844266316578, 30.696926135350509 ], [ 76.684388962175618, 30.69692598238229 ], [ 76.684351350193396, 30.69692741245375 ], [ 76.684281847612439, 30.6969300297886 ], [ 76.683894353810729, 30.696944579248026 ], [ 76.683882367118642, 30.696945531225968 ], [ 76.683881977312566, 30.696955927895722 ], [ 76.683889987898695, 30.697393013277075 ], [ 76.683890962860346, 30.697444312386505 ], [ 76.683891004003513, 30.697446945220282 ], [ 76.683891270894549, 30.697468734514086 ], [ 76.683892938599897, 30.697493865299815 ], [ 76.683893385790483, 30.697537539092842 ], [ 76.683892450227631, 30.69755795093684 ], [ 76.683892594659113, 30.697569742411574 ], [ 76.683893286955723, 30.69758017614631 ], [ 76.683894230848651, 30.697582501061238 ], [ 76.683909888787497, 30.69762888595702 ], [ 76.683919714973925, 30.6976764521355 ], [ 76.683923596633136, 30.697724653722794 ], [ 76.683961136993645, 30.699766046000274 ], [ 76.683959470494287, 30.699809930709936 ], [ 76.68395287391084, 30.699853467446889 ], [ 76.683941409752251, 30.699896243615065 ], [ 76.683925186657689, 30.699937853825709 ], [ 76.68390435836713, 30.699977903739299 ], [ 76.683879122264656, 30.70001601380276 ], [ 76.683849717507968, 30.700051822846458 ], [ 76.68381642276205, 30.700084991507229 ], [ 76.683779553558409, 30.700115205444419 ], [ 76.683739459304817, 30.700142178319155 ], [ 76.683696519973964, 30.700165654507927 ], [ 76.683651142502441, 30.700185411525354 ], [ 76.68360375693419, 30.700201262132666 ], [ 76.68355481234471, 30.700213056112332 ], [ 76.683504772585124, 30.700220681691647 ], [ 76.683454111886064, 30.700224066602171 ], [ 76.683091187116332, 30.700232997986884 ], [ 76.683079113713703, 30.700233803116735 ], [ 76.683078662082607, 30.700244259902227 ], [ 76.683079920885305, 30.700340996233905 ], [ 76.683078113202555, 30.700383913509953 ], [ 76.683071590192682, 30.700426487677234 ], [ 76.683060410986883, 30.700468332759545 ], [ 76.683044676929697, 30.700509069389998 ], [ 76.683024530660305, 30.700548328250459 ], [ 76.683000154819595, 30.700585753419777 ], [ 76.682971770394531, 30.700621005600631 ], [ 76.682939634714799, 30.700653765195725 ], [ 76.682904039119919, 30.700683735205203 ], [ 76.682865306318106, 30.700710643919439 ], [ 76.682823787460521, 30.700734247382432 ], [ 76.682779858957787, 30.700754331603509 ], [ 76.682733919067317, 30.700770714497605 ], [ 76.682686384282619, 30.700783247535959 ], [ 76.682637685557296, 30.700791817092846 ], [ 76.682588264397779, 30.700796345475748 ], [ 76.682587624321087, 30.700796377600355 ], [ 76.682587385986807, 30.700807074089262 ], [ 76.682589987951786, 30.700880691649559 ], [ 76.682588999154049, 30.700925433099055 ], [ 76.682582884560773, 30.700969869670708 ], [ 76.682571704354459, 30.701013563949225 ], [ 76.68255556858179, 30.701056085825531 ], [ 76.682534636070613, 30.701097016730671 ], [ 76.682509112866754, 30.701135953755994 ], [ 76.68247925020593, 30.701172513619433 ], [ 76.682445342040936, 30.70120633643835 ], [ 76.682407722148113, 30.701237089272265 ], [ 76.682366760841902, 30.701264469400211 ], [ 76.682322861329595, 30.701288207300795 ], [ 76.682276455742297, 30.701308069305298 ], [ 76.682228000881068, 30.701323859897975 ], [ 76.682177973720229, 30.701335423640721 ], [ 76.682126866712053, 30.701342646703189 ], [ 76.682075182938959, 30.701345457983386 ], [ 76.68203134589632, 30.701345959387769 ], [ 76.681742135563383, 30.701349197321537 ], [ 76.681686702884605, 30.701347269967009 ], [ 76.681631820050526, 30.701340269438454 ], [ 76.68157810707828, 30.701328274821279 ], [ 76.681526170768507, 30.701311421619607 ], [ 76.681476597849965, 30.701289900225433 ], [ 76.681429948351024, 30.701263953767683 ], [ 76.680978186292805, 30.700982256994088 ], [ 76.680967899407165, 30.700976486012898 ], [ 76.680960292841121, 30.700984799670383 ], [ 76.680949882354909, 30.700997407394478 ], [ 76.680943149370421, 30.701006468052018 ], [ 76.680949432781034, 30.701023430532413 ], [ 76.680951131840445, 30.701027319402058 ], [ 76.680964007234664, 30.701067881746003 ], [ 76.680972454104506, 30.701109304122571 ], [ 76.680976398989799, 30.701151226319979 ], [ 76.680975807579657, 30.701193283779471 ], [ 76.680970685011133, 30.701235110765612 ], [ 76.680961075824783, 30.701276343546684 ], [ 76.680947063577449, 30.701316623557776 ], [ 76.680928770115898, 30.701355600518951 ], [ 76.680926153274044, 30.701360505968307 ], [ 76.680925080455737, 30.701363167098009 ], [ 76.680922653830166, 30.701372132214875 ], [ 76.680922527647326, 30.701373131832128 ], [ 76.680922442753712, 30.701374369242696 ], [ 76.680922362717581, 30.701380745346889 ], [ 76.680933785480349, 30.701988168015223 ], [ 76.680932243728236, 30.702030902309946 ], [ 76.680926026274378, 30.702073318460673 ], [ 76.680915188980507, 30.702115035330674 ], [ 76.680899829220962, 30.702155678066156 ], [ 76.680880085007885, 30.702194881464731 ], [ 76.680856133751277, 30.702232293256944 ], [ 76.680828190665054, 30.702267577271723 ], [ 76.680796506833289, 30.702300416457216 ], [ 76.68076136695413, 30.702330515729717 ], [ 76.68072308678174, 30.702357604625295 ], [ 76.680682010288976, 30.702381439730264 ], [ 76.680638506576571, 30.70240180686838 ], [ 76.680592966556446, 30.7024185230255 ], [ 76.680545799438974, 30.702431437994186 ], [ 76.680521654620634, 30.702436975902017 ], [ 76.680521122669589, 30.702447537992597 ], [ 76.680521929145627, 30.702580376310053 ], [ 76.680521965348632, 30.702583131301402 ], [ 76.680532391412129, 30.703098971069 ], [ 76.680530657716275, 30.7031444105472 ], [ 76.68052363900496, 30.703189468367242 ], [ 76.680511406584145, 30.703233686721166 ], [ 76.68049408473388, 30.703276616329763 ], [ 76.680471849445766, 30.703317821007499 ], [ 76.680444926635175, 30.703356882094372 ], [ 76.680413589845926, 30.703393402709825 ], [ 76.68037815747121, 30.703427011785305 ], [ 76.680338989518575, 30.703457367834638 ], [ 76.680296483952247, 30.703484162423756 ], [ 76.680251072649526, 30.703507123304703 ], [ 76.680203217012703, 30.703526017181893 ], [ 76.680153403280812, 30.703540652082602 ], [ 76.680102137589074, 30.70355087930762 ], [ 76.680049940826123, 30.703556594942199 ], [ 76.67999734334127, 30.70355774091189 ], [ 76.679856763229822, 30.703554677482146 ], [ 76.679844539145051, 30.70355492966511 ], [ 76.679843630045411, 30.703565466320192 ], [ 76.679840985118972, 30.703655663676816 ], [ 76.679837246150925, 30.703699317037596 ], [ 76.679828627775834, 30.703742451641517 ], [ 76.679815211159536, 30.703784661224581 ], [ 76.679797122660617, 30.703825548234523 ], [ 76.679774532640437, 30.703864727575329 ], [ 76.679747653858954, 30.703901830234198 ], [ 76.679716739470834, 30.703936506757291 ], [ 76.679682080641285, 30.703968430541078 ], [ 76.679644003803844, 30.70399730090854 ], [ 76.679602867585814, 30.704022845941282 ], [ 76.679559059430545, 30.704044825040626 ], [ 76.679512991948258, 30.70406303119384 ], [ 76.67946509902967, 30.704077292923927 ], [ 76.679415831759357, 30.704087475904846 ], [ 76.679365654166915, 30.704093484226707 ], [ 76.679315038856387, 30.704095261299095 ], [ 76.679134649125018, 30.704094024292026 ], [ 76.679122241125995, 30.704094475102522 ] ] ] } }
]
}
